/*
SQLyog Community v9.30 
MySQL - 5.5.17 : Database - gnhq
*********************************************************************
*/

/*!40101 SET NAMES utf8 */;

/*!40101 SET SQL_MODE=''*/;

/*!40014 SET @OLD_UNIQUE_CHECKS=@@UNIQUE_CHECKS, UNIQUE_CHECKS=0 */;
/*!40014 SET @OLD_FOREIGN_KEY_CHECKS=@@FOREIGN_KEY_CHECKS, FOREIGN_KEY_CHECKS=0 */;
/*!40101 SET @OLD_SQL_MODE=@@SQL_MODE, SQL_MODE='NO_AUTO_VALUE_ON_ZERO' */;
/*!40111 SET @OLD_SQL_NOTES=@@SQL_NOTES, SQL_NOTES=0 */;
USE `gnhq`;

/*Table structure for table `krasnoyarsk_region` */

DROP TABLE IF EXISTS `krasnoyarsk_region`;

CREATE TABLE `krasnoyarsk_region` (
  `RegionNum` int(11) NOT NULL,
  `FullName` varchar(100) NOT NULL,
  `Link` varchar(255) DEFAULT NULL,
  `Population` bigint(20) DEFAULT NULL,
  PRIMARY KEY (`RegionNum`)
) ENGINE=InnoDB DEFAULT CHARSET=utf8;

/*Data for the table `krasnoyarsk_region` */

insert  into `krasnoyarsk_region`(`RegionNum`,`FullName`,`Link`,`Population`) values (24,'Красноярский край','http://www.krasnoyarsk.vybory.izbirkom.ru/region/region/krasnoyarsk?action=show&root=1&tvd=424422086839&vrn=424422086835&region=24&global=null&sub_region=24&prver=0&pronetvd=null&vibid=424422086839&type=234',5281164);

/*Table structure for table `krasnoyarsk_result` */

DROP TABLE IF EXISTS `krasnoyarsk_result`;

CREATE TABLE `krasnoyarsk_result` (
  `IkFullName` varchar(100) NOT NULL,
  `IkType` varchar(5) NOT NULL,
  `ResultType` varchar(5) NOT NULL,
  `ClaimCount` int(11) DEFAULT '0',
  `ProjectId` varchar(100) DEFAULT NULL,
  `UpdateTime` datetime DEFAULT NULL,
  `SignTime` datetime DEFAULT NULL,
  `LoadTime` datetime DEFAULT NULL,
  `Dirt` smallint(6) DEFAULT NULL,
  `HasCopy` smallint(6) DEFAULT NULL,
  `Revised` smallint(6) DEFAULT NULL,
  `Line1` int(11) NOT NULL,
  `Line2` int(11) NOT NULL,
  `Line3` int(11) NOT NULL,
  `Line4` int(11) NOT NULL,
  `Line5` int(11) NOT NULL,
  `Line6` int(11) NOT NULL,
  `Line7` int(11) NOT NULL,
  `Line8` int(11) NOT NULL,
  `Line9` int(11) NOT NULL,
  `Line10` int(11) NOT NULL,
  `Line11` int(11) NOT NULL,
  `Line12` int(11) NOT NULL,
  `Line13` int(11) NOT NULL,
  `Line14` int(11) NOT NULL,
  `Line15` int(11) NOT NULL,
  `Line16` int(11) NOT NULL,
  `Line17` int(11) NOT NULL,
  `Line18` int(11) NOT NULL,
  `Line19` int(11) NOT NULL,
  KEY `ResultType` (`ResultType`),
  KEY `ik` (`IkType`,`IkFullName`)
) ENGINE=InnoDB DEFAULT CHARSET=utf8;

/*Data for the table `krasnoyarsk_result` */

/*Table structure for table `krasnoyarsk_result_copy` */

DROP TABLE IF EXISTS `krasnoyarsk_result_copy`;

CREATE TABLE `krasnoyarsk_result_copy` (
  `IkFullName` varchar(100) NOT NULL,
  `IkType` varchar(5) NOT NULL,
  `ResultType` varchar(5) NOT NULL,
  `ClaimCount` int(11) DEFAULT '0',
  `ProjectId` varchar(100) DEFAULT NULL,
  `UpdateTime` datetime DEFAULT NULL,
  `SignTime` datetime DEFAULT NULL,
  `LoadTime` datetime DEFAULT NULL,
  `Dirt` smallint(6) DEFAULT NULL,
  `HasCopy` smallint(6) DEFAULT NULL,
  `Revised` smallint(6) DEFAULT NULL,
  `Line1` int(11) NOT NULL,
  `Line2` int(11) NOT NULL,
  `Line3` int(11) NOT NULL,
  `Line4` int(11) NOT NULL,
  `Line5` int(11) NOT NULL,
  `Line6` int(11) NOT NULL,
  `Line7` int(11) NOT NULL,
  `Line8` int(11) NOT NULL,
  `Line9` int(11) NOT NULL,
  `Line10` int(11) NOT NULL,
  `Line11` int(11) NOT NULL,
  `Line12` int(11) NOT NULL,
  `Line13` int(11) NOT NULL,
  `Line14` int(11) NOT NULL,
  `Line15` int(11) NOT NULL,
  `Line16` int(11) NOT NULL,
  `Line17` int(11) NOT NULL,
  `Line18` int(11) NOT NULL,
  `Line19` int(11) NOT NULL
) ENGINE=InnoDB DEFAULT CHARSET=utf8;

/*Data for the table `krasnoyarsk_result_copy` */

/*Table structure for table `krasnoyarsk_tik` */

DROP TABLE IF EXISTS `krasnoyarsk_tik`;

CREATE TABLE `krasnoyarsk_tik` (
  `RegionNum` int(11) NOT NULL,
  `TikNum` int(11) NOT NULL,
  `FullName` varchar(200) NOT NULL,
  `OkrugName` varchar(200) DEFAULT NULL,
  `Link` text,
  PRIMARY KEY (`RegionNum`,`TikNum`),
  KEY `OkrugName` (`OkrugName`),
  KEY `RegionNum` (`RegionNum`)
) ENGINE=InnoDB DEFAULT CHARSET=utf8;

/*Data for the table `krasnoyarsk_tik` */

insert  into `krasnoyarsk_tik`(`RegionNum`,`TikNum`,`FullName`,`OkrugName`,`Link`) values (24,33,'красноярск, железнодорожная','','http://www.krasnoyarsk.vybory.izbirkom.ru/region/krasnoyarsk?action=show&root=244220002&tvd=424422086843&vrn=424422086835&prver=0&pronetvd=null&region=24&sub_region=24&type=234&vibid=424422086843'),(24,34,'красноярск, кировская','','http://www.krasnoyarsk.vybory.izbirkom.ru/region/krasnoyarsk?action=show&root=244220003&tvd=424422086844&vrn=424422086835&prver=0&pronetvd=null&region=24&sub_region=24&type=234&vibid=424422086844'),(24,35,'красноярск, ленинская','','http://www.krasnoyarsk.vybory.izbirkom.ru/region/krasnoyarsk?action=show&root=244220001&tvd=424422086842&vrn=424422086835&prver=0&pronetvd=null&region=24&sub_region=24&type=234&vibid=424422086842'),(24,36,'красноярск, октябрьская','','http://www.krasnoyarsk.vybory.izbirkom.ru/region/krasnoyarsk?action=show&root=244220004&tvd=424422086845&vrn=424422086835&prver=0&pronetvd=null&region=24&sub_region=24&type=234&vibid=424422086845'),(24,37,'красноярск, свердловская','','http://www.krasnoyarsk.vybory.izbirkom.ru/region/krasnoyarsk?action=show&root=244220005&tvd=424422086846&vrn=424422086835&prver=0&pronetvd=null&region=24&sub_region=24&type=234&vibid=424422086846'),(24,38,'красноярск, советская','','http://www.krasnoyarsk.vybory.izbirkom.ru/region/krasnoyarsk?action=show&root=244220006&tvd=424422086847&vrn=424422086835&prver=0&pronetvd=null&region=24&sub_region=24&type=234&vibid=424422086847'),(24,39,'красноярск, центральная','','http://www.krasnoyarsk.vybory.izbirkom.ru/region/krasnoyarsk?action=show&root=244220007&tvd=424422086848&vrn=424422086835&prver=0&pronetvd=null&region=24&sub_region=24&type=234&vibid=424422086848');

/*Table structure for table `krasnoyarsk_uik` */

DROP TABLE IF EXISTS `krasnoyarsk_uik`;

CREATE TABLE `krasnoyarsk_uik` (
  `RegionNum` int(11) NOT NULL,
  `TikNum` int(11) NOT NULL,
  `UikNum` int(11) NOT NULL,
  `FullName` int(11) NOT NULL,
  `Link` text,
  `Place` text,
  `VotingPlace` text,
  `BorderDescription` text,
  PRIMARY KEY (`FullName`),
  KEY `RegionNum` (`RegionNum`),
  KEY `TikNum` (`TikNum`),
  KEY `Uik` (`RegionNum`,`UikNum`)
) ENGINE=InnoDB DEFAULT CHARSET=utf8;

/*Data for the table `krasnoyarsk_uik` */

insert  into `krasnoyarsk_uik`(`RegionNum`,`TikNum`,`UikNum`,`FullName`,`Link`,`Place`,`VotingPlace`,`BorderDescription`) values (24,37,154,240154,'http://www.krasnoyarsk.vybory.izbirkom.ru/region/krasnoyarsk?action=show&root=244034001&tvd=4244034121431&vrn=424422086835&prver=0&pronetvd=null&region=24&sub_region=24&type=234&vibid=4244034121431','','',''),(24,33,155,240155,'http://www.krasnoyarsk.vybory.izbirkom.ru/region/krasnoyarsk?action=show&root=244030001&tvd=9249030113510&vrn=424422086835&prver=0&pronetvd=null&region=24&sub_region=24&type=234&vibid=9249030113510','','',''),(24,33,156,240156,'http://www.krasnoyarsk.vybory.izbirkom.ru/region/krasnoyarsk?action=show&root=244030002&tvd=9249030113511&vrn=424422086835&prver=0&pronetvd=null&region=24&sub_region=24&type=234&vibid=9249030113511','','',''),(24,33,157,240157,'http://www.krasnoyarsk.vybory.izbirkom.ru/region/krasnoyarsk?action=show&root=244030003&tvd=9249030113512&vrn=424422086835&prver=0&pronetvd=null&region=24&sub_region=24&type=234&vibid=9249030113512','','',''),(24,33,158,240158,'http://www.krasnoyarsk.vybory.izbirkom.ru/region/krasnoyarsk?action=show&root=244030004&tvd=9249030113513&vrn=424422086835&prver=0&pronetvd=null&region=24&sub_region=24&type=234&vibid=9249030113513','','',''),(24,33,159,240159,'http://www.krasnoyarsk.vybory.izbirkom.ru/region/krasnoyarsk?action=show&root=244030005&tvd=9249030113514&vrn=424422086835&prver=0&pronetvd=null&region=24&sub_region=24&type=234&vibid=9249030113514','','',''),(24,33,160,240160,'http://www.krasnoyarsk.vybory.izbirkom.ru/region/krasnoyarsk?action=show&root=244030006&tvd=9249030113515&vrn=424422086835&prver=0&pronetvd=null&region=24&sub_region=24&type=234&vibid=9249030113515','','',''),(24,33,161,240161,'http://www.krasnoyarsk.vybory.izbirkom.ru/region/krasnoyarsk?action=show&root=244030007&tvd=9249030113516&vrn=424422086835&prver=0&pronetvd=null&region=24&sub_region=24&type=234&vibid=9249030113516','','',''),(24,33,162,240162,'http://www.krasnoyarsk.vybory.izbirkom.ru/region/krasnoyarsk?action=show&root=244030008&tvd=9249030113517&vrn=424422086835&prver=0&pronetvd=null&region=24&sub_region=24&type=234&vibid=9249030113517','','',''),(24,33,163,240163,'http://www.krasnoyarsk.vybory.izbirkom.ru/region/krasnoyarsk?action=show&root=244030009&tvd=9249030113518&vrn=424422086835&prver=0&pronetvd=null&region=24&sub_region=24&type=234&vibid=9249030113518','','',''),(24,33,164,240164,'http://www.krasnoyarsk.vybory.izbirkom.ru/region/krasnoyarsk?action=show&root=244030010&tvd=9249030113519&vrn=424422086835&prver=0&pronetvd=null&region=24&sub_region=24&type=234&vibid=9249030113519','','',''),(24,33,165,240165,'http://www.krasnoyarsk.vybory.izbirkom.ru/region/krasnoyarsk?action=show&root=244030011&tvd=9249030113520&vrn=424422086835&prver=0&pronetvd=null&region=24&sub_region=24&type=234&vibid=9249030113520','','',''),(24,33,166,240166,'http://www.krasnoyarsk.vybory.izbirkom.ru/region/krasnoyarsk?action=show&root=244030012&tvd=9249030113521&vrn=424422086835&prver=0&pronetvd=null&region=24&sub_region=24&type=234&vibid=9249030113521','','',''),(24,33,167,240167,'http://www.krasnoyarsk.vybory.izbirkom.ru/region/krasnoyarsk?action=show&root=244030013&tvd=9249030113522&vrn=424422086835&prver=0&pronetvd=null&region=24&sub_region=24&type=234&vibid=9249030113522','','',''),(24,33,168,240168,'http://www.krasnoyarsk.vybory.izbirkom.ru/region/krasnoyarsk?action=show&root=244030014&tvd=9249030113523&vrn=424422086835&prver=0&pronetvd=null&region=24&sub_region=24&type=234&vibid=9249030113523','','',''),(24,33,169,240169,'http://www.krasnoyarsk.vybory.izbirkom.ru/region/krasnoyarsk?action=show&root=244030015&tvd=9249030113524&vrn=424422086835&prver=0&pronetvd=null&region=24&sub_region=24&type=234&vibid=9249030113524','','',''),(24,33,170,240170,'http://www.krasnoyarsk.vybory.izbirkom.ru/region/krasnoyarsk?action=show&root=244030016&tvd=9249030113525&vrn=424422086835&prver=0&pronetvd=null&region=24&sub_region=24&type=234&vibid=9249030113525','','',''),(24,33,171,240171,'http://www.krasnoyarsk.vybory.izbirkom.ru/region/krasnoyarsk?action=show&root=244030017&tvd=9249030113526&vrn=424422086835&prver=0&pronetvd=null&region=24&sub_region=24&type=234&vibid=9249030113526','','',''),(24,33,172,240172,'http://www.krasnoyarsk.vybory.izbirkom.ru/region/krasnoyarsk?action=show&root=244030018&tvd=9249030113527&vrn=424422086835&prver=0&pronetvd=null&region=24&sub_region=24&type=234&vibid=9249030113527','','',''),(24,33,173,240173,'http://www.krasnoyarsk.vybory.izbirkom.ru/region/krasnoyarsk?action=show&root=244030019&tvd=9249030113528&vrn=424422086835&prver=0&pronetvd=null&region=24&sub_region=24&type=234&vibid=9249030113528','','',''),(24,33,174,240174,'http://www.krasnoyarsk.vybory.izbirkom.ru/region/krasnoyarsk?action=show&root=244030020&tvd=9249030113529&vrn=424422086835&prver=0&pronetvd=null&region=24&sub_region=24&type=234&vibid=9249030113529','','',''),(24,33,175,240175,'http://www.krasnoyarsk.vybory.izbirkom.ru/region/krasnoyarsk?action=show&root=244030021&tvd=9249030113530&vrn=424422086835&prver=0&pronetvd=null&region=24&sub_region=24&type=234&vibid=9249030113530','','',''),(24,33,176,240176,'http://www.krasnoyarsk.vybory.izbirkom.ru/region/krasnoyarsk?action=show&root=244030022&tvd=9249030113531&vrn=424422086835&prver=0&pronetvd=null&region=24&sub_region=24&type=234&vibid=9249030113531','','',''),(24,33,177,240177,'http://www.krasnoyarsk.vybory.izbirkom.ru/region/krasnoyarsk?action=show&root=244030023&tvd=9249030113532&vrn=424422086835&prver=0&pronetvd=null&region=24&sub_region=24&type=234&vibid=9249030113532','','',''),(24,33,178,240178,'http://www.krasnoyarsk.vybory.izbirkom.ru/region/krasnoyarsk?action=show&root=244030024&tvd=9249030113533&vrn=424422086835&prver=0&pronetvd=null&region=24&sub_region=24&type=234&vibid=9249030113533','','',''),(24,33,179,240179,'http://www.krasnoyarsk.vybory.izbirkom.ru/region/krasnoyarsk?action=show&root=244030025&tvd=9249030113534&vrn=424422086835&prver=0&pronetvd=null&region=24&sub_region=24&type=234&vibid=9249030113534','','',''),(24,33,180,240180,'http://www.krasnoyarsk.vybory.izbirkom.ru/region/krasnoyarsk?action=show&root=244030026&tvd=9249030113535&vrn=424422086835&prver=0&pronetvd=null&region=24&sub_region=24&type=234&vibid=9249030113535','','',''),(24,33,181,240181,'http://www.krasnoyarsk.vybory.izbirkom.ru/region/krasnoyarsk?action=show&root=244030027&tvd=9249030113536&vrn=424422086835&prver=0&pronetvd=null&region=24&sub_region=24&type=234&vibid=9249030113536','','',''),(24,33,182,240182,'http://www.krasnoyarsk.vybory.izbirkom.ru/region/krasnoyarsk?action=show&root=244030028&tvd=9249030113537&vrn=424422086835&prver=0&pronetvd=null&region=24&sub_region=24&type=234&vibid=9249030113537','','',''),(24,33,183,240183,'http://www.krasnoyarsk.vybory.izbirkom.ru/region/krasnoyarsk?action=show&root=244030029&tvd=9249030113538&vrn=424422086835&prver=0&pronetvd=null&region=24&sub_region=24&type=234&vibid=9249030113538','','',''),(24,33,184,240184,'http://www.krasnoyarsk.vybory.izbirkom.ru/region/krasnoyarsk?action=show&root=244030030&tvd=9249030113539&vrn=424422086835&prver=0&pronetvd=null&region=24&sub_region=24&type=234&vibid=9249030113539','','',''),(24,33,185,240185,'http://www.krasnoyarsk.vybory.izbirkom.ru/region/krasnoyarsk?action=show&root=244030031&tvd=9249030113540&vrn=424422086835&prver=0&pronetvd=null&region=24&sub_region=24&type=234&vibid=9249030113540','','',''),(24,33,186,240186,'http://www.krasnoyarsk.vybory.izbirkom.ru/region/krasnoyarsk?action=show&root=244030032&tvd=9249030113541&vrn=424422086835&prver=0&pronetvd=null&region=24&sub_region=24&type=234&vibid=9249030113541','','',''),(24,34,188,240188,'http://www.krasnoyarsk.vybory.izbirkom.ru/region/krasnoyarsk?action=show&root=244031001&tvd=4244031111744&vrn=424422086835&prver=0&pronetvd=null&region=24&sub_region=24&type=234&vibid=4244031111744','','',''),(24,34,189,240189,'http://www.krasnoyarsk.vybory.izbirkom.ru/region/krasnoyarsk?action=show&root=244031002&tvd=4244031111745&vrn=424422086835&prver=0&pronetvd=null&region=24&sub_region=24&type=234&vibid=4244031111745','','',''),(24,34,190,240190,'http://www.krasnoyarsk.vybory.izbirkom.ru/region/krasnoyarsk?action=show&root=244031003&tvd=4244031111746&vrn=424422086835&prver=0&pronetvd=null&region=24&sub_region=24&type=234&vibid=4244031111746','','',''),(24,34,191,240191,'http://www.krasnoyarsk.vybory.izbirkom.ru/region/krasnoyarsk?action=show&root=244031004&tvd=4244031111747&vrn=424422086835&prver=0&pronetvd=null&region=24&sub_region=24&type=234&vibid=4244031111747','','',''),(24,34,192,240192,'http://www.krasnoyarsk.vybory.izbirkom.ru/region/krasnoyarsk?action=show&root=244031005&tvd=4244031111748&vrn=424422086835&prver=0&pronetvd=null&region=24&sub_region=24&type=234&vibid=4244031111748','','',''),(24,34,193,240193,'http://www.krasnoyarsk.vybory.izbirkom.ru/region/krasnoyarsk?action=show&root=244031006&tvd=4244031111749&vrn=424422086835&prver=0&pronetvd=null&region=24&sub_region=24&type=234&vibid=4244031111749','','',''),(24,34,194,240194,'http://www.krasnoyarsk.vybory.izbirkom.ru/region/krasnoyarsk?action=show&root=244031007&tvd=4244031111750&vrn=424422086835&prver=0&pronetvd=null&region=24&sub_region=24&type=234&vibid=4244031111750','','',''),(24,34,195,240195,'http://www.krasnoyarsk.vybory.izbirkom.ru/region/krasnoyarsk?action=show&root=244031008&tvd=4244031111751&vrn=424422086835&prver=0&pronetvd=null&region=24&sub_region=24&type=234&vibid=4244031111751','','',''),(24,34,196,240196,'http://www.krasnoyarsk.vybory.izbirkom.ru/region/krasnoyarsk?action=show&root=244031009&tvd=4244031111752&vrn=424422086835&prver=0&pronetvd=null&region=24&sub_region=24&type=234&vibid=4244031111752','','',''),(24,34,197,240197,'http://www.krasnoyarsk.vybory.izbirkom.ru/region/krasnoyarsk?action=show&root=244031010&tvd=4244031111753&vrn=424422086835&prver=0&pronetvd=null&region=24&sub_region=24&type=234&vibid=4244031111753','','',''),(24,34,198,240198,'http://www.krasnoyarsk.vybory.izbirkom.ru/region/krasnoyarsk?action=show&root=244031011&tvd=4244031111754&vrn=424422086835&prver=0&pronetvd=null&region=24&sub_region=24&type=234&vibid=4244031111754','','',''),(24,34,199,240199,'http://www.krasnoyarsk.vybory.izbirkom.ru/region/krasnoyarsk?action=show&root=244031012&tvd=4244031111755&vrn=424422086835&prver=0&pronetvd=null&region=24&sub_region=24&type=234&vibid=4244031111755','','',''),(24,34,200,240200,'http://www.krasnoyarsk.vybory.izbirkom.ru/region/krasnoyarsk?action=show&root=244031013&tvd=4244031111756&vrn=424422086835&prver=0&pronetvd=null&region=24&sub_region=24&type=234&vibid=4244031111756','','',''),(24,34,201,240201,'http://www.krasnoyarsk.vybory.izbirkom.ru/region/krasnoyarsk?action=show&root=244031014&tvd=4244031111757&vrn=424422086835&prver=0&pronetvd=null&region=24&sub_region=24&type=234&vibid=4244031111757','','',''),(24,34,202,240202,'http://www.krasnoyarsk.vybory.izbirkom.ru/region/krasnoyarsk?action=show&root=244031015&tvd=4244031111758&vrn=424422086835&prver=0&pronetvd=null&region=24&sub_region=24&type=234&vibid=4244031111758','','',''),(24,34,203,240203,'http://www.krasnoyarsk.vybory.izbirkom.ru/region/krasnoyarsk?action=show&root=244031016&tvd=4244031111759&vrn=424422086835&prver=0&pronetvd=null&region=24&sub_region=24&type=234&vibid=4244031111759','','',''),(24,34,204,240204,'http://www.krasnoyarsk.vybory.izbirkom.ru/region/krasnoyarsk?action=show&root=244031017&tvd=4244031111760&vrn=424422086835&prver=0&pronetvd=null&region=24&sub_region=24&type=234&vibid=4244031111760','','',''),(24,34,205,240205,'http://www.krasnoyarsk.vybory.izbirkom.ru/region/krasnoyarsk?action=show&root=244031018&tvd=4244031111761&vrn=424422086835&prver=0&pronetvd=null&region=24&sub_region=24&type=234&vibid=4244031111761','','',''),(24,34,206,240206,'http://www.krasnoyarsk.vybory.izbirkom.ru/region/krasnoyarsk?action=show&root=244031019&tvd=4244031111762&vrn=424422086835&prver=0&pronetvd=null&region=24&sub_region=24&type=234&vibid=4244031111762','','',''),(24,34,207,240207,'http://www.krasnoyarsk.vybory.izbirkom.ru/region/krasnoyarsk?action=show&root=244031020&tvd=4244031111763&vrn=424422086835&prver=0&pronetvd=null&region=24&sub_region=24&type=234&vibid=4244031111763','','',''),(24,34,208,240208,'http://www.krasnoyarsk.vybory.izbirkom.ru/region/krasnoyarsk?action=show&root=244031021&tvd=4244031111764&vrn=424422086835&prver=0&pronetvd=null&region=24&sub_region=24&type=234&vibid=4244031111764','','',''),(24,34,209,240209,'http://www.krasnoyarsk.vybory.izbirkom.ru/region/krasnoyarsk?action=show&root=244031022&tvd=4244031111765&vrn=424422086835&prver=0&pronetvd=null&region=24&sub_region=24&type=234&vibid=4244031111765','','',''),(24,34,210,240210,'http://www.krasnoyarsk.vybory.izbirkom.ru/region/krasnoyarsk?action=show&root=244031023&tvd=4244031111766&vrn=424422086835&prver=0&pronetvd=null&region=24&sub_region=24&type=234&vibid=4244031111766','','',''),(24,34,211,240211,'http://www.krasnoyarsk.vybory.izbirkom.ru/region/krasnoyarsk?action=show&root=244031024&tvd=4244031111767&vrn=424422086835&prver=0&pronetvd=null&region=24&sub_region=24&type=234&vibid=4244031111767','','',''),(24,34,212,240212,'http://www.krasnoyarsk.vybory.izbirkom.ru/region/krasnoyarsk?action=show&root=244031025&tvd=4244031111768&vrn=424422086835&prver=0&pronetvd=null&region=24&sub_region=24&type=234&vibid=4244031111768','','',''),(24,34,213,240213,'http://www.krasnoyarsk.vybory.izbirkom.ru/region/krasnoyarsk?action=show&root=244031026&tvd=4244031111769&vrn=424422086835&prver=0&pronetvd=null&region=24&sub_region=24&type=234&vibid=4244031111769','','',''),(24,34,214,240214,'http://www.krasnoyarsk.vybory.izbirkom.ru/region/krasnoyarsk?action=show&root=244031027&tvd=4244031111770&vrn=424422086835&prver=0&pronetvd=null&region=24&sub_region=24&type=234&vibid=4244031111770','','',''),(24,34,215,240215,'http://www.krasnoyarsk.vybory.izbirkom.ru/region/krasnoyarsk?action=show&root=244031028&tvd=4244031111771&vrn=424422086835&prver=0&pronetvd=null&region=24&sub_region=24&type=234&vibid=4244031111771','','',''),(24,34,216,240216,'http://www.krasnoyarsk.vybory.izbirkom.ru/region/krasnoyarsk?action=show&root=244031029&tvd=4244031111772&vrn=424422086835&prver=0&pronetvd=null&region=24&sub_region=24&type=234&vibid=4244031111772','','',''),(24,34,217,240217,'http://www.krasnoyarsk.vybory.izbirkom.ru/region/krasnoyarsk?action=show&root=244031030&tvd=4244031111773&vrn=424422086835&prver=0&pronetvd=null&region=24&sub_region=24&type=234&vibid=4244031111773','','',''),(24,34,218,240218,'http://www.krasnoyarsk.vybory.izbirkom.ru/region/krasnoyarsk?action=show&root=244031031&tvd=4244031111774&vrn=424422086835&prver=0&pronetvd=null&region=24&sub_region=24&type=234&vibid=4244031111774','','',''),(24,34,219,240219,'http://www.krasnoyarsk.vybory.izbirkom.ru/region/krasnoyarsk?action=show&root=244031032&tvd=4244031111775&vrn=424422086835&prver=0&pronetvd=null&region=24&sub_region=24&type=234&vibid=4244031111775','','',''),(24,34,220,240220,'http://www.krasnoyarsk.vybory.izbirkom.ru/region/krasnoyarsk?action=show&root=244031033&tvd=4244031111776&vrn=424422086835&prver=0&pronetvd=null&region=24&sub_region=24&type=234&vibid=4244031111776','','',''),(24,34,221,240221,'http://www.krasnoyarsk.vybory.izbirkom.ru/region/krasnoyarsk?action=show&root=244031034&tvd=4244031111777&vrn=424422086835&prver=0&pronetvd=null&region=24&sub_region=24&type=234&vibid=4244031111777','','',''),(24,34,222,240222,'http://www.krasnoyarsk.vybory.izbirkom.ru/region/krasnoyarsk?action=show&root=244031035&tvd=4244031111778&vrn=424422086835&prver=0&pronetvd=null&region=24&sub_region=24&type=234&vibid=4244031111778','','',''),(24,34,223,240223,'http://www.krasnoyarsk.vybory.izbirkom.ru/region/krasnoyarsk?action=show&root=244031036&tvd=4244031111779&vrn=424422086835&prver=0&pronetvd=null&region=24&sub_region=24&type=234&vibid=4244031111779','','',''),(24,34,224,240224,'http://www.krasnoyarsk.vybory.izbirkom.ru/region/krasnoyarsk?action=show&root=244031037&tvd=4244031111780&vrn=424422086835&prver=0&pronetvd=null&region=24&sub_region=24&type=234&vibid=4244031111780','','',''),(24,34,225,240225,'http://www.krasnoyarsk.vybory.izbirkom.ru/region/krasnoyarsk?action=show&root=244031038&tvd=4244031111781&vrn=424422086835&prver=0&pronetvd=null&region=24&sub_region=24&type=234&vibid=4244031111781','','',''),(24,34,226,240226,'http://www.krasnoyarsk.vybory.izbirkom.ru/region/krasnoyarsk?action=show&root=244031039&tvd=4244031111782&vrn=424422086835&prver=0&pronetvd=null&region=24&sub_region=24&type=234&vibid=4244031111782','','',''),(24,34,227,240227,'http://www.krasnoyarsk.vybory.izbirkom.ru/region/krasnoyarsk?action=show&root=244031040&tvd=4244031111783&vrn=424422086835&prver=0&pronetvd=null&region=24&sub_region=24&type=234&vibid=4244031111783','','',''),(24,34,228,240228,'http://www.krasnoyarsk.vybory.izbirkom.ru/region/krasnoyarsk?action=show&root=244031041&tvd=4244031111784&vrn=424422086835&prver=0&pronetvd=null&region=24&sub_region=24&type=234&vibid=4244031111784','','',''),(24,34,229,240229,'http://www.krasnoyarsk.vybory.izbirkom.ru/region/krasnoyarsk?action=show&root=244031042&tvd=4244031111785&vrn=424422086835&prver=0&pronetvd=null&region=24&sub_region=24&type=234&vibid=4244031111785','','',''),(24,34,230,240230,'http://www.krasnoyarsk.vybory.izbirkom.ru/region/krasnoyarsk?action=show&root=244031043&tvd=4244031111786&vrn=424422086835&prver=0&pronetvd=null&region=24&sub_region=24&type=234&vibid=4244031111786','','',''),(24,34,231,240231,'http://www.krasnoyarsk.vybory.izbirkom.ru/region/krasnoyarsk?action=show&root=244031044&tvd=4244031111787&vrn=424422086835&prver=0&pronetvd=null&region=24&sub_region=24&type=234&vibid=4244031111787','','',''),(24,34,232,240232,'http://www.krasnoyarsk.vybory.izbirkom.ru/region/krasnoyarsk?action=show&root=244031045&tvd=4244031111788&vrn=424422086835&prver=0&pronetvd=null&region=24&sub_region=24&type=234&vibid=4244031111788','','',''),(24,34,233,240233,'http://www.krasnoyarsk.vybory.izbirkom.ru/region/krasnoyarsk?action=show&root=244031046&tvd=4244031111789&vrn=424422086835&prver=0&pronetvd=null&region=24&sub_region=24&type=234&vibid=4244031111789','','',''),(24,34,234,240234,'http://www.krasnoyarsk.vybory.izbirkom.ru/region/krasnoyarsk?action=show&root=244031047&tvd=4244031111790&vrn=424422086835&prver=0&pronetvd=null&region=24&sub_region=24&type=234&vibid=4244031111790','','',''),(24,34,235,240235,'http://www.krasnoyarsk.vybory.izbirkom.ru/region/krasnoyarsk?action=show&root=244031048&tvd=4244031111791&vrn=424422086835&prver=0&pronetvd=null&region=24&sub_region=24&type=234&vibid=4244031111791','','',''),(24,35,239,240239,'http://www.krasnoyarsk.vybory.izbirkom.ru/region/krasnoyarsk?action=show&root=244032001&tvd=4244032118354&vrn=424422086835&prver=0&pronetvd=null&region=24&sub_region=24&type=234&vibid=4244032118354','','',''),(24,35,240,240240,'http://www.krasnoyarsk.vybory.izbirkom.ru/region/krasnoyarsk?action=show&root=244032002&tvd=4244032118355&vrn=424422086835&prver=0&pronetvd=null&region=24&sub_region=24&type=234&vibid=4244032118355','','',''),(24,35,241,240241,'http://www.krasnoyarsk.vybory.izbirkom.ru/region/krasnoyarsk?action=show&root=244032003&tvd=4244032118356&vrn=424422086835&prver=0&pronetvd=null&region=24&sub_region=24&type=234&vibid=4244032118356','','',''),(24,35,242,240242,'http://www.krasnoyarsk.vybory.izbirkom.ru/region/krasnoyarsk?action=show&root=244032004&tvd=4244032118357&vrn=424422086835&prver=0&pronetvd=null&region=24&sub_region=24&type=234&vibid=4244032118357','','',''),(24,35,243,240243,'http://www.krasnoyarsk.vybory.izbirkom.ru/region/krasnoyarsk?action=show&root=244032005&tvd=4244032118358&vrn=424422086835&prver=0&pronetvd=null&region=24&sub_region=24&type=234&vibid=4244032118358','','',''),(24,35,244,240244,'http://www.krasnoyarsk.vybory.izbirkom.ru/region/krasnoyarsk?action=show&root=244032006&tvd=4244032118359&vrn=424422086835&prver=0&pronetvd=null&region=24&sub_region=24&type=234&vibid=4244032118359','','',''),(24,35,245,240245,'http://www.krasnoyarsk.vybory.izbirkom.ru/region/krasnoyarsk?action=show&root=244032007&tvd=4244032118360&vrn=424422086835&prver=0&pronetvd=null&region=24&sub_region=24&type=234&vibid=4244032118360','','',''),(24,35,246,240246,'http://www.krasnoyarsk.vybory.izbirkom.ru/region/krasnoyarsk?action=show&root=244032008&tvd=4244032118361&vrn=424422086835&prver=0&pronetvd=null&region=24&sub_region=24&type=234&vibid=4244032118361','','',''),(24,35,247,240247,'http://www.krasnoyarsk.vybory.izbirkom.ru/region/krasnoyarsk?action=show&root=244032009&tvd=4244032118362&vrn=424422086835&prver=0&pronetvd=null&region=24&sub_region=24&type=234&vibid=4244032118362','','',''),(24,35,248,240248,'http://www.krasnoyarsk.vybory.izbirkom.ru/region/krasnoyarsk?action=show&root=244032010&tvd=4244032118363&vrn=424422086835&prver=0&pronetvd=null&region=24&sub_region=24&type=234&vibid=4244032118363','','',''),(24,35,249,240249,'http://www.krasnoyarsk.vybory.izbirkom.ru/region/krasnoyarsk?action=show&root=244032011&tvd=4244032118364&vrn=424422086835&prver=0&pronetvd=null&region=24&sub_region=24&type=234&vibid=4244032118364','','',''),(24,35,250,240250,'http://www.krasnoyarsk.vybory.izbirkom.ru/region/krasnoyarsk?action=show&root=244032012&tvd=4244032118365&vrn=424422086835&prver=0&pronetvd=null&region=24&sub_region=24&type=234&vibid=4244032118365','','',''),(24,35,251,240251,'http://www.krasnoyarsk.vybory.izbirkom.ru/region/krasnoyarsk?action=show&root=244032013&tvd=4244032118366&vrn=424422086835&prver=0&pronetvd=null&region=24&sub_region=24&type=234&vibid=4244032118366','','',''),(24,35,252,240252,'http://www.krasnoyarsk.vybory.izbirkom.ru/region/krasnoyarsk?action=show&root=244032014&tvd=4244032118367&vrn=424422086835&prver=0&pronetvd=null&region=24&sub_region=24&type=234&vibid=4244032118367','','',''),(24,35,253,240253,'http://www.krasnoyarsk.vybory.izbirkom.ru/region/krasnoyarsk?action=show&root=244032015&tvd=4244032118368&vrn=424422086835&prver=0&pronetvd=null&region=24&sub_region=24&type=234&vibid=4244032118368','','',''),(24,35,254,240254,'http://www.krasnoyarsk.vybory.izbirkom.ru/region/krasnoyarsk?action=show&root=244032016&tvd=4244032118369&vrn=424422086835&prver=0&pronetvd=null&region=24&sub_region=24&type=234&vibid=4244032118369','','',''),(24,35,255,240255,'http://www.krasnoyarsk.vybory.izbirkom.ru/region/krasnoyarsk?action=show&root=244032017&tvd=4244032118370&vrn=424422086835&prver=0&pronetvd=null&region=24&sub_region=24&type=234&vibid=4244032118370','','',''),(24,35,256,240256,'http://www.krasnoyarsk.vybory.izbirkom.ru/region/krasnoyarsk?action=show&root=244032018&tvd=4244032118371&vrn=424422086835&prver=0&pronetvd=null&region=24&sub_region=24&type=234&vibid=4244032118371','','',''),(24,35,257,240257,'http://www.krasnoyarsk.vybory.izbirkom.ru/region/krasnoyarsk?action=show&root=244032019&tvd=4244032118372&vrn=424422086835&prver=0&pronetvd=null&region=24&sub_region=24&type=234&vibid=4244032118372','','',''),(24,35,258,240258,'http://www.krasnoyarsk.vybory.izbirkom.ru/region/krasnoyarsk?action=show&root=244032020&tvd=4244032118373&vrn=424422086835&prver=0&pronetvd=null&region=24&sub_region=24&type=234&vibid=4244032118373','','',''),(24,35,259,240259,'http://www.krasnoyarsk.vybory.izbirkom.ru/region/krasnoyarsk?action=show&root=244032021&tvd=4244032118374&vrn=424422086835&prver=0&pronetvd=null&region=24&sub_region=24&type=234&vibid=4244032118374','','',''),(24,35,260,240260,'http://www.krasnoyarsk.vybory.izbirkom.ru/region/krasnoyarsk?action=show&root=244032022&tvd=4244032118375&vrn=424422086835&prver=0&pronetvd=null&region=24&sub_region=24&type=234&vibid=4244032118375','','',''),(24,35,261,240261,'http://www.krasnoyarsk.vybory.izbirkom.ru/region/krasnoyarsk?action=show&root=244032023&tvd=4244032118376&vrn=424422086835&prver=0&pronetvd=null&region=24&sub_region=24&type=234&vibid=4244032118376','','',''),(24,35,262,240262,'http://www.krasnoyarsk.vybory.izbirkom.ru/region/krasnoyarsk?action=show&root=244032024&tvd=4244032118377&vrn=424422086835&prver=0&pronetvd=null&region=24&sub_region=24&type=234&vibid=4244032118377','','',''),(24,35,263,240263,'http://www.krasnoyarsk.vybory.izbirkom.ru/region/krasnoyarsk?action=show&root=244032025&tvd=4244032118378&vrn=424422086835&prver=0&pronetvd=null&region=24&sub_region=24&type=234&vibid=4244032118378','','',''),(24,35,264,240264,'http://www.krasnoyarsk.vybory.izbirkom.ru/region/krasnoyarsk?action=show&root=244032026&tvd=4244032118379&vrn=424422086835&prver=0&pronetvd=null&region=24&sub_region=24&type=234&vibid=4244032118379','','',''),(24,35,265,240265,'http://www.krasnoyarsk.vybory.izbirkom.ru/region/krasnoyarsk?action=show&root=244032027&tvd=4244032118380&vrn=424422086835&prver=0&pronetvd=null&region=24&sub_region=24&type=234&vibid=4244032118380','','',''),(24,35,266,240266,'http://www.krasnoyarsk.vybory.izbirkom.ru/region/krasnoyarsk?action=show&root=244032028&tvd=4244032118381&vrn=424422086835&prver=0&pronetvd=null&region=24&sub_region=24&type=234&vibid=4244032118381','','',''),(24,35,267,240267,'http://www.krasnoyarsk.vybory.izbirkom.ru/region/krasnoyarsk?action=show&root=244032029&tvd=4244032118382&vrn=424422086835&prver=0&pronetvd=null&region=24&sub_region=24&type=234&vibid=4244032118382','','',''),(24,35,268,240268,'http://www.krasnoyarsk.vybory.izbirkom.ru/region/krasnoyarsk?action=show&root=244032030&tvd=4244032118383&vrn=424422086835&prver=0&pronetvd=null&region=24&sub_region=24&type=234&vibid=4244032118383','','',''),(24,35,269,240269,'http://www.krasnoyarsk.vybory.izbirkom.ru/region/krasnoyarsk?action=show&root=244032031&tvd=4244032118384&vrn=424422086835&prver=0&pronetvd=null&region=24&sub_region=24&type=234&vibid=4244032118384','','',''),(24,35,270,240270,'http://www.krasnoyarsk.vybory.izbirkom.ru/region/krasnoyarsk?action=show&root=244032032&tvd=4244032118385&vrn=424422086835&prver=0&pronetvd=null&region=24&sub_region=24&type=234&vibid=4244032118385','','',''),(24,35,271,240271,'http://www.krasnoyarsk.vybory.izbirkom.ru/region/krasnoyarsk?action=show&root=244032033&tvd=4244032118386&vrn=424422086835&prver=0&pronetvd=null&region=24&sub_region=24&type=234&vibid=4244032118386','','',''),(24,35,272,240272,'http://www.krasnoyarsk.vybory.izbirkom.ru/region/krasnoyarsk?action=show&root=244032034&tvd=4244032118387&vrn=424422086835&prver=0&pronetvd=null&region=24&sub_region=24&type=234&vibid=4244032118387','','',''),(24,35,273,240273,'http://www.krasnoyarsk.vybory.izbirkom.ru/region/krasnoyarsk?action=show&root=244032035&tvd=4244032118388&vrn=424422086835&prver=0&pronetvd=null&region=24&sub_region=24&type=234&vibid=4244032118388','','',''),(24,35,274,240274,'http://www.krasnoyarsk.vybory.izbirkom.ru/region/krasnoyarsk?action=show&root=244032036&tvd=4244032118389&vrn=424422086835&prver=0&pronetvd=null&region=24&sub_region=24&type=234&vibid=4244032118389','','',''),(24,35,275,240275,'http://www.krasnoyarsk.vybory.izbirkom.ru/region/krasnoyarsk?action=show&root=244032037&tvd=4244032118390&vrn=424422086835&prver=0&pronetvd=null&region=24&sub_region=24&type=234&vibid=4244032118390','','',''),(24,35,276,240276,'http://www.krasnoyarsk.vybory.izbirkom.ru/region/krasnoyarsk?action=show&root=244032038&tvd=4244032118391&vrn=424422086835&prver=0&pronetvd=null&region=24&sub_region=24&type=234&vibid=4244032118391','','',''),(24,35,277,240277,'http://www.krasnoyarsk.vybory.izbirkom.ru/region/krasnoyarsk?action=show&root=244032039&tvd=4244032118392&vrn=424422086835&prver=0&pronetvd=null&region=24&sub_region=24&type=234&vibid=4244032118392','','',''),(24,35,278,240278,'http://www.krasnoyarsk.vybory.izbirkom.ru/region/krasnoyarsk?action=show&root=244032040&tvd=4244032118393&vrn=424422086835&prver=0&pronetvd=null&region=24&sub_region=24&type=234&vibid=4244032118393','','',''),(24,35,279,240279,'http://www.krasnoyarsk.vybory.izbirkom.ru/region/krasnoyarsk?action=show&root=244032041&tvd=4244032118394&vrn=424422086835&prver=0&pronetvd=null&region=24&sub_region=24&type=234&vibid=4244032118394','','',''),(24,35,280,240280,'http://www.krasnoyarsk.vybory.izbirkom.ru/region/krasnoyarsk?action=show&root=244032042&tvd=4244032118395&vrn=424422086835&prver=0&pronetvd=null&region=24&sub_region=24&type=234&vibid=4244032118395','','',''),(24,35,281,240281,'http://www.krasnoyarsk.vybory.izbirkom.ru/region/krasnoyarsk?action=show&root=244032043&tvd=4244032118396&vrn=424422086835&prver=0&pronetvd=null&region=24&sub_region=24&type=234&vibid=4244032118396','','',''),(24,35,282,240282,'http://www.krasnoyarsk.vybory.izbirkom.ru/region/krasnoyarsk?action=show&root=244032044&tvd=4244032118397&vrn=424422086835&prver=0&pronetvd=null&region=24&sub_region=24&type=234&vibid=4244032118397','','',''),(24,35,284,240284,'http://www.krasnoyarsk.vybory.izbirkom.ru/region/krasnoyarsk?action=show&root=244032045&tvd=4244032118398&vrn=424422086835&prver=0&pronetvd=null&region=24&sub_region=24&type=234&vibid=4244032118398','','',''),(24,35,285,240285,'http://www.krasnoyarsk.vybory.izbirkom.ru/region/krasnoyarsk?action=show&root=244032046&tvd=4244032118399&vrn=424422086835&prver=0&pronetvd=null&region=24&sub_region=24&type=234&vibid=4244032118399','','',''),(24,35,286,240286,'http://www.krasnoyarsk.vybory.izbirkom.ru/region/krasnoyarsk?action=show&root=244032047&tvd=4244032118400&vrn=424422086835&prver=0&pronetvd=null&region=24&sub_region=24&type=234&vibid=4244032118400','','',''),(24,35,287,240287,'http://www.krasnoyarsk.vybory.izbirkom.ru/region/krasnoyarsk?action=show&root=244032048&tvd=4244032118401&vrn=424422086835&prver=0&pronetvd=null&region=24&sub_region=24&type=234&vibid=4244032118401','','',''),(24,35,288,240288,'http://www.krasnoyarsk.vybory.izbirkom.ru/region/krasnoyarsk?action=show&root=244032049&tvd=4244032118402&vrn=424422086835&prver=0&pronetvd=null&region=24&sub_region=24&type=234&vibid=4244032118402','','',''),(24,35,289,240289,'http://www.krasnoyarsk.vybory.izbirkom.ru/region/krasnoyarsk?action=show&root=244032050&tvd=4244032118403&vrn=424422086835&prver=0&pronetvd=null&region=24&sub_region=24&type=234&vibid=4244032118403','','',''),(24,35,290,240290,'http://www.krasnoyarsk.vybory.izbirkom.ru/region/krasnoyarsk?action=show&root=244032051&tvd=4244032118404&vrn=424422086835&prver=0&pronetvd=null&region=24&sub_region=24&type=234&vibid=4244032118404','','',''),(24,36,293,240293,'http://www.krasnoyarsk.vybory.izbirkom.ru/region/krasnoyarsk?action=show&root=244033001&tvd=4244033121629&vrn=424422086835&prver=0&pronetvd=null&region=24&sub_region=24&type=234&vibid=4244033121629','','',''),(24,36,294,240294,'http://www.krasnoyarsk.vybory.izbirkom.ru/region/krasnoyarsk?action=show&root=244033002&tvd=4244033121630&vrn=424422086835&prver=0&pronetvd=null&region=24&sub_region=24&type=234&vibid=4244033121630','','',''),(24,36,295,240295,'http://www.krasnoyarsk.vybory.izbirkom.ru/region/krasnoyarsk?action=show&root=244033003&tvd=4244033121631&vrn=424422086835&prver=0&pronetvd=null&region=24&sub_region=24&type=234&vibid=4244033121631','','',''),(24,36,296,240296,'http://www.krasnoyarsk.vybory.izbirkom.ru/region/krasnoyarsk?action=show&root=244033004&tvd=4244033121632&vrn=424422086835&prver=0&pronetvd=null&region=24&sub_region=24&type=234&vibid=4244033121632','','',''),(24,36,297,240297,'http://www.krasnoyarsk.vybory.izbirkom.ru/region/krasnoyarsk?action=show&root=244033005&tvd=4244033121633&vrn=424422086835&prver=0&pronetvd=null&region=24&sub_region=24&type=234&vibid=4244033121633','','',''),(24,36,298,240298,'http://www.krasnoyarsk.vybory.izbirkom.ru/region/krasnoyarsk?action=show&root=244033006&tvd=4244033121634&vrn=424422086835&prver=0&pronetvd=null&region=24&sub_region=24&type=234&vibid=4244033121634','','',''),(24,36,299,240299,'http://www.krasnoyarsk.vybory.izbirkom.ru/region/krasnoyarsk?action=show&root=244033007&tvd=4244033121635&vrn=424422086835&prver=0&pronetvd=null&region=24&sub_region=24&type=234&vibid=4244033121635','','',''),(24,36,300,240300,'http://www.krasnoyarsk.vybory.izbirkom.ru/region/krasnoyarsk?action=show&root=244033008&tvd=4244033121636&vrn=424422086835&prver=0&pronetvd=null&region=24&sub_region=24&type=234&vibid=4244033121636','','',''),(24,36,301,240301,'http://www.krasnoyarsk.vybory.izbirkom.ru/region/krasnoyarsk?action=show&root=244033009&tvd=4244033121637&vrn=424422086835&prver=0&pronetvd=null&region=24&sub_region=24&type=234&vibid=4244033121637','','',''),(24,36,302,240302,'http://www.krasnoyarsk.vybory.izbirkom.ru/region/krasnoyarsk?action=show&root=244033010&tvd=4244033121638&vrn=424422086835&prver=0&pronetvd=null&region=24&sub_region=24&type=234&vibid=4244033121638','','',''),(24,36,303,240303,'http://www.krasnoyarsk.vybory.izbirkom.ru/region/krasnoyarsk?action=show&root=244033011&tvd=4244033121639&vrn=424422086835&prver=0&pronetvd=null&region=24&sub_region=24&type=234&vibid=4244033121639','','',''),(24,36,304,240304,'http://www.krasnoyarsk.vybory.izbirkom.ru/region/krasnoyarsk?action=show&root=244033012&tvd=4244033121640&vrn=424422086835&prver=0&pronetvd=null&region=24&sub_region=24&type=234&vibid=4244033121640','','',''),(24,36,305,240305,'http://www.krasnoyarsk.vybory.izbirkom.ru/region/krasnoyarsk?action=show&root=244033013&tvd=4244033121641&vrn=424422086835&prver=0&pronetvd=null&region=24&sub_region=24&type=234&vibid=4244033121641','','',''),(24,36,306,240306,'http://www.krasnoyarsk.vybory.izbirkom.ru/region/krasnoyarsk?action=show&root=244033014&tvd=4244033121642&vrn=424422086835&prver=0&pronetvd=null&region=24&sub_region=24&type=234&vibid=4244033121642','','',''),(24,36,307,240307,'http://www.krasnoyarsk.vybory.izbirkom.ru/region/krasnoyarsk?action=show&root=244033015&tvd=4244033121643&vrn=424422086835&prver=0&pronetvd=null&region=24&sub_region=24&type=234&vibid=4244033121643','','',''),(24,36,308,240308,'http://www.krasnoyarsk.vybory.izbirkom.ru/region/krasnoyarsk?action=show&root=244033016&tvd=4244033121644&vrn=424422086835&prver=0&pronetvd=null&region=24&sub_region=24&type=234&vibid=4244033121644','','',''),(24,36,309,240309,'http://www.krasnoyarsk.vybory.izbirkom.ru/region/krasnoyarsk?action=show&root=244033017&tvd=4244033121645&vrn=424422086835&prver=0&pronetvd=null&region=24&sub_region=24&type=234&vibid=4244033121645','','',''),(24,36,310,240310,'http://www.krasnoyarsk.vybory.izbirkom.ru/region/krasnoyarsk?action=show&root=244033018&tvd=4244033121646&vrn=424422086835&prver=0&pronetvd=null&region=24&sub_region=24&type=234&vibid=4244033121646','','',''),(24,36,311,240311,'http://www.krasnoyarsk.vybory.izbirkom.ru/region/krasnoyarsk?action=show&root=244033019&tvd=4244033121647&vrn=424422086835&prver=0&pronetvd=null&region=24&sub_region=24&type=234&vibid=4244033121647','','',''),(24,36,312,240312,'http://www.krasnoyarsk.vybory.izbirkom.ru/region/krasnoyarsk?action=show&root=244033020&tvd=4244033121648&vrn=424422086835&prver=0&pronetvd=null&region=24&sub_region=24&type=234&vibid=4244033121648','','',''),(24,36,313,240313,'http://www.krasnoyarsk.vybory.izbirkom.ru/region/krasnoyarsk?action=show&root=244033021&tvd=4244033121649&vrn=424422086835&prver=0&pronetvd=null&region=24&sub_region=24&type=234&vibid=4244033121649','','',''),(24,36,314,240314,'http://www.krasnoyarsk.vybory.izbirkom.ru/region/krasnoyarsk?action=show&root=244033022&tvd=4244033121650&vrn=424422086835&prver=0&pronetvd=null&region=24&sub_region=24&type=234&vibid=4244033121650','','',''),(24,36,315,240315,'http://www.krasnoyarsk.vybory.izbirkom.ru/region/krasnoyarsk?action=show&root=244033023&tvd=4244033121651&vrn=424422086835&prver=0&pronetvd=null&region=24&sub_region=24&type=234&vibid=4244033121651','','',''),(24,36,316,240316,'http://www.krasnoyarsk.vybory.izbirkom.ru/region/krasnoyarsk?action=show&root=244033024&tvd=4244033121652&vrn=424422086835&prver=0&pronetvd=null&region=24&sub_region=24&type=234&vibid=4244033121652','','',''),(24,36,317,240317,'http://www.krasnoyarsk.vybory.izbirkom.ru/region/krasnoyarsk?action=show&root=244033025&tvd=4244033121653&vrn=424422086835&prver=0&pronetvd=null&region=24&sub_region=24&type=234&vibid=4244033121653','','',''),(24,36,318,240318,'http://www.krasnoyarsk.vybory.izbirkom.ru/region/krasnoyarsk?action=show&root=244033026&tvd=4244033121654&vrn=424422086835&prver=0&pronetvd=null&region=24&sub_region=24&type=234&vibid=4244033121654','','',''),(24,36,319,240319,'http://www.krasnoyarsk.vybory.izbirkom.ru/region/krasnoyarsk?action=show&root=244033027&tvd=4244033121655&vrn=424422086835&prver=0&pronetvd=null&region=24&sub_region=24&type=234&vibid=4244033121655','','',''),(24,36,320,240320,'http://www.krasnoyarsk.vybory.izbirkom.ru/region/krasnoyarsk?action=show&root=244033028&tvd=4244033121656&vrn=424422086835&prver=0&pronetvd=null&region=24&sub_region=24&type=234&vibid=4244033121656','','',''),(24,36,321,240321,'http://www.krasnoyarsk.vybory.izbirkom.ru/region/krasnoyarsk?action=show&root=244033029&tvd=4244033121657&vrn=424422086835&prver=0&pronetvd=null&region=24&sub_region=24&type=234&vibid=4244033121657','','',''),(24,36,322,240322,'http://www.krasnoyarsk.vybory.izbirkom.ru/region/krasnoyarsk?action=show&root=244033030&tvd=4244033121658&vrn=424422086835&prver=0&pronetvd=null&region=24&sub_region=24&type=234&vibid=4244033121658','','',''),(24,36,323,240323,'http://www.krasnoyarsk.vybory.izbirkom.ru/region/krasnoyarsk?action=show&root=244033031&tvd=4244033121659&vrn=424422086835&prver=0&pronetvd=null&region=24&sub_region=24&type=234&vibid=4244033121659','','',''),(24,36,324,240324,'http://www.krasnoyarsk.vybory.izbirkom.ru/region/krasnoyarsk?action=show&root=244033032&tvd=4244033121660&vrn=424422086835&prver=0&pronetvd=null&region=24&sub_region=24&type=234&vibid=4244033121660','','',''),(24,36,325,240325,'http://www.krasnoyarsk.vybory.izbirkom.ru/region/krasnoyarsk?action=show&root=244033033&tvd=4244033121661&vrn=424422086835&prver=0&pronetvd=null&region=24&sub_region=24&type=234&vibid=4244033121661','','',''),(24,36,326,240326,'http://www.krasnoyarsk.vybory.izbirkom.ru/region/krasnoyarsk?action=show&root=244033034&tvd=4244033121662&vrn=424422086835&prver=0&pronetvd=null&region=24&sub_region=24&type=234&vibid=4244033121662','','',''),(24,36,327,240327,'http://www.krasnoyarsk.vybory.izbirkom.ru/region/krasnoyarsk?action=show&root=244033035&tvd=4244033121663&vrn=424422086835&prver=0&pronetvd=null&region=24&sub_region=24&type=234&vibid=4244033121663','','',''),(24,36,328,240328,'http://www.krasnoyarsk.vybory.izbirkom.ru/region/krasnoyarsk?action=show&root=244033036&tvd=4244033121664&vrn=424422086835&prver=0&pronetvd=null&region=24&sub_region=24&type=234&vibid=4244033121664','','',''),(24,36,329,240329,'http://www.krasnoyarsk.vybory.izbirkom.ru/region/krasnoyarsk?action=show&root=244033037&tvd=4244033121665&vrn=424422086835&prver=0&pronetvd=null&region=24&sub_region=24&type=234&vibid=4244033121665','','',''),(24,36,330,240330,'http://www.krasnoyarsk.vybory.izbirkom.ru/region/krasnoyarsk?action=show&root=244033038&tvd=4244033121666&vrn=424422086835&prver=0&pronetvd=null&region=24&sub_region=24&type=234&vibid=4244033121666','','',''),(24,36,331,240331,'http://www.krasnoyarsk.vybory.izbirkom.ru/region/krasnoyarsk?action=show&root=244033039&tvd=4244033121667&vrn=424422086835&prver=0&pronetvd=null&region=24&sub_region=24&type=234&vibid=4244033121667','','',''),(24,36,332,240332,'http://www.krasnoyarsk.vybory.izbirkom.ru/region/krasnoyarsk?action=show&root=244033040&tvd=4244033121668&vrn=424422086835&prver=0&pronetvd=null&region=24&sub_region=24&type=234&vibid=4244033121668','','',''),(24,36,333,240333,'http://www.krasnoyarsk.vybory.izbirkom.ru/region/krasnoyarsk?action=show&root=244033041&tvd=4244033121669&vrn=424422086835&prver=0&pronetvd=null&region=24&sub_region=24&type=234&vibid=4244033121669','','',''),(24,36,334,240334,'http://www.krasnoyarsk.vybory.izbirkom.ru/region/krasnoyarsk?action=show&root=244033042&tvd=4244033121670&vrn=424422086835&prver=0&pronetvd=null&region=24&sub_region=24&type=234&vibid=4244033121670','','',''),(24,36,335,240335,'http://www.krasnoyarsk.vybory.izbirkom.ru/region/krasnoyarsk?action=show&root=244033043&tvd=4244033121671&vrn=424422086835&prver=0&pronetvd=null&region=24&sub_region=24&type=234&vibid=4244033121671','','',''),(24,36,336,240336,'http://www.krasnoyarsk.vybory.izbirkom.ru/region/krasnoyarsk?action=show&root=244033044&tvd=4244033121672&vrn=424422086835&prver=0&pronetvd=null&region=24&sub_region=24&type=234&vibid=4244033121672','','',''),(24,36,337,240337,'http://www.krasnoyarsk.vybory.izbirkom.ru/region/krasnoyarsk?action=show&root=244033045&tvd=4244033121673&vrn=424422086835&prver=0&pronetvd=null&region=24&sub_region=24&type=234&vibid=4244033121673','','',''),(24,36,338,240338,'http://www.krasnoyarsk.vybory.izbirkom.ru/region/krasnoyarsk?action=show&root=244033046&tvd=4244033121674&vrn=424422086835&prver=0&pronetvd=null&region=24&sub_region=24&type=234&vibid=4244033121674','','',''),(24,36,339,240339,'http://www.krasnoyarsk.vybory.izbirkom.ru/region/krasnoyarsk?action=show&root=244033047&tvd=4244033121675&vrn=424422086835&prver=0&pronetvd=null&region=24&sub_region=24&type=234&vibid=4244033121675','','',''),(24,36,340,240340,'http://www.krasnoyarsk.vybory.izbirkom.ru/region/krasnoyarsk?action=show&root=244033048&tvd=4244033121676&vrn=424422086835&prver=0&pronetvd=null&region=24&sub_region=24&type=234&vibid=4244033121676','','',''),(24,36,341,240341,'http://www.krasnoyarsk.vybory.izbirkom.ru/region/krasnoyarsk?action=show&root=244033049&tvd=4244033121677&vrn=424422086835&prver=0&pronetvd=null&region=24&sub_region=24&type=234&vibid=4244033121677','','',''),(24,36,342,240342,'http://www.krasnoyarsk.vybory.izbirkom.ru/region/krasnoyarsk?action=show&root=244033050&tvd=4244033121678&vrn=424422086835&prver=0&pronetvd=null&region=24&sub_region=24&type=234&vibid=4244033121678','','',''),(24,37,345,240345,'http://www.krasnoyarsk.vybory.izbirkom.ru/region/krasnoyarsk?action=show&root=244034002&tvd=4244034121432&vrn=424422086835&prver=0&pronetvd=null&region=24&sub_region=24&type=234&vibid=4244034121432','','',''),(24,37,346,240346,'http://www.krasnoyarsk.vybory.izbirkom.ru/region/krasnoyarsk?action=show&root=244034003&tvd=4244034121433&vrn=424422086835&prver=0&pronetvd=null&region=24&sub_region=24&type=234&vibid=4244034121433','','',''),(24,37,347,240347,'http://www.krasnoyarsk.vybory.izbirkom.ru/region/krasnoyarsk?action=show&root=244034004&tvd=4244034121434&vrn=424422086835&prver=0&pronetvd=null&region=24&sub_region=24&type=234&vibid=4244034121434','','',''),(24,37,348,240348,'http://www.krasnoyarsk.vybory.izbirkom.ru/region/krasnoyarsk?action=show&root=244034005&tvd=4244034121435&vrn=424422086835&prver=0&pronetvd=null&region=24&sub_region=24&type=234&vibid=4244034121435','','',''),(24,37,349,240349,'http://www.krasnoyarsk.vybory.izbirkom.ru/region/krasnoyarsk?action=show&root=244034006&tvd=4244034121436&vrn=424422086835&prver=0&pronetvd=null&region=24&sub_region=24&type=234&vibid=4244034121436','','',''),(24,37,350,240350,'http://www.krasnoyarsk.vybory.izbirkom.ru/region/krasnoyarsk?action=show&root=244034007&tvd=4244034121437&vrn=424422086835&prver=0&pronetvd=null&region=24&sub_region=24&type=234&vibid=4244034121437','','',''),(24,37,351,240351,'http://www.krasnoyarsk.vybory.izbirkom.ru/region/krasnoyarsk?action=show&root=244034008&tvd=4244034121438&vrn=424422086835&prver=0&pronetvd=null&region=24&sub_region=24&type=234&vibid=4244034121438','','',''),(24,37,352,240352,'http://www.krasnoyarsk.vybory.izbirkom.ru/region/krasnoyarsk?action=show&root=244034009&tvd=4244034121439&vrn=424422086835&prver=0&pronetvd=null&region=24&sub_region=24&type=234&vibid=4244034121439','','',''),(24,37,353,240353,'http://www.krasnoyarsk.vybory.izbirkom.ru/region/krasnoyarsk?action=show&root=244034010&tvd=4244034121440&vrn=424422086835&prver=0&pronetvd=null&region=24&sub_region=24&type=234&vibid=4244034121440','','',''),(24,37,354,240354,'http://www.krasnoyarsk.vybory.izbirkom.ru/region/krasnoyarsk?action=show&root=244034011&tvd=4244034121441&vrn=424422086835&prver=0&pronetvd=null&region=24&sub_region=24&type=234&vibid=4244034121441','','',''),(24,37,355,240355,'http://www.krasnoyarsk.vybory.izbirkom.ru/region/krasnoyarsk?action=show&root=244034012&tvd=4244034121442&vrn=424422086835&prver=0&pronetvd=null&region=24&sub_region=24&type=234&vibid=4244034121442','','',''),(24,37,356,240356,'http://www.krasnoyarsk.vybory.izbirkom.ru/region/krasnoyarsk?action=show&root=244034013&tvd=4244034121443&vrn=424422086835&prver=0&pronetvd=null&region=24&sub_region=24&type=234&vibid=4244034121443','','',''),(24,37,357,240357,'http://www.krasnoyarsk.vybory.izbirkom.ru/region/krasnoyarsk?action=show&root=244034014&tvd=4244034121444&vrn=424422086835&prver=0&pronetvd=null&region=24&sub_region=24&type=234&vibid=4244034121444','','',''),(24,37,358,240358,'http://www.krasnoyarsk.vybory.izbirkom.ru/region/krasnoyarsk?action=show&root=244034015&tvd=4244034121445&vrn=424422086835&prver=0&pronetvd=null&region=24&sub_region=24&type=234&vibid=4244034121445','','',''),(24,37,359,240359,'http://www.krasnoyarsk.vybory.izbirkom.ru/region/krasnoyarsk?action=show&root=244034016&tvd=4244034121446&vrn=424422086835&prver=0&pronetvd=null&region=24&sub_region=24&type=234&vibid=4244034121446','','',''),(24,37,360,240360,'http://www.krasnoyarsk.vybory.izbirkom.ru/region/krasnoyarsk?action=show&root=244034017&tvd=4244034121447&vrn=424422086835&prver=0&pronetvd=null&region=24&sub_region=24&type=234&vibid=4244034121447','','',''),(24,37,361,240361,'http://www.krasnoyarsk.vybory.izbirkom.ru/region/krasnoyarsk?action=show&root=244034018&tvd=4244034121448&vrn=424422086835&prver=0&pronetvd=null&region=24&sub_region=24&type=234&vibid=4244034121448','','',''),(24,37,362,240362,'http://www.krasnoyarsk.vybory.izbirkom.ru/region/krasnoyarsk?action=show&root=244034019&tvd=4244034121449&vrn=424422086835&prver=0&pronetvd=null&region=24&sub_region=24&type=234&vibid=4244034121449','','',''),(24,37,363,240363,'http://www.krasnoyarsk.vybory.izbirkom.ru/region/krasnoyarsk?action=show&root=244034020&tvd=4244034121450&vrn=424422086835&prver=0&pronetvd=null&region=24&sub_region=24&type=234&vibid=4244034121450','','',''),(24,37,364,240364,'http://www.krasnoyarsk.vybory.izbirkom.ru/region/krasnoyarsk?action=show&root=244034021&tvd=4244034121451&vrn=424422086835&prver=0&pronetvd=null&region=24&sub_region=24&type=234&vibid=4244034121451','','',''),(24,37,365,240365,'http://www.krasnoyarsk.vybory.izbirkom.ru/region/krasnoyarsk?action=show&root=244034022&tvd=4244034121452&vrn=424422086835&prver=0&pronetvd=null&region=24&sub_region=24&type=234&vibid=4244034121452','','',''),(24,37,366,240366,'http://www.krasnoyarsk.vybory.izbirkom.ru/region/krasnoyarsk?action=show&root=244034023&tvd=4244034121453&vrn=424422086835&prver=0&pronetvd=null&region=24&sub_region=24&type=234&vibid=4244034121453','','',''),(24,37,367,240367,'http://www.krasnoyarsk.vybory.izbirkom.ru/region/krasnoyarsk?action=show&root=244034024&tvd=4244034121454&vrn=424422086835&prver=0&pronetvd=null&region=24&sub_region=24&type=234&vibid=4244034121454','','',''),(24,37,368,240368,'http://www.krasnoyarsk.vybory.izbirkom.ru/region/krasnoyarsk?action=show&root=244034025&tvd=4244034121455&vrn=424422086835&prver=0&pronetvd=null&region=24&sub_region=24&type=234&vibid=4244034121455','','',''),(24,37,369,240369,'http://www.krasnoyarsk.vybory.izbirkom.ru/region/krasnoyarsk?action=show&root=244034026&tvd=4244034121456&vrn=424422086835&prver=0&pronetvd=null&region=24&sub_region=24&type=234&vibid=4244034121456','','',''),(24,37,370,240370,'http://www.krasnoyarsk.vybory.izbirkom.ru/region/krasnoyarsk?action=show&root=244034027&tvd=4244034121457&vrn=424422086835&prver=0&pronetvd=null&region=24&sub_region=24&type=234&vibid=4244034121457','','',''),(24,37,371,240371,'http://www.krasnoyarsk.vybory.izbirkom.ru/region/krasnoyarsk?action=show&root=244034028&tvd=4244034121458&vrn=424422086835&prver=0&pronetvd=null&region=24&sub_region=24&type=234&vibid=4244034121458','','',''),(24,37,372,240372,'http://www.krasnoyarsk.vybory.izbirkom.ru/region/krasnoyarsk?action=show&root=244034029&tvd=4244034121459&vrn=424422086835&prver=0&pronetvd=null&region=24&sub_region=24&type=234&vibid=4244034121459','','',''),(24,37,373,240373,'http://www.krasnoyarsk.vybory.izbirkom.ru/region/krasnoyarsk?action=show&root=244034030&tvd=4244034121460&vrn=424422086835&prver=0&pronetvd=null&region=24&sub_region=24&type=234&vibid=4244034121460','','',''),(24,37,374,240374,'http://www.krasnoyarsk.vybory.izbirkom.ru/region/krasnoyarsk?action=show&root=244034031&tvd=4244034121461&vrn=424422086835&prver=0&pronetvd=null&region=24&sub_region=24&type=234&vibid=4244034121461','','',''),(24,37,375,240375,'http://www.krasnoyarsk.vybory.izbirkom.ru/region/krasnoyarsk?action=show&root=244034032&tvd=4244034121462&vrn=424422086835&prver=0&pronetvd=null&region=24&sub_region=24&type=234&vibid=4244034121462','','',''),(24,37,376,240376,'http://www.krasnoyarsk.vybory.izbirkom.ru/region/krasnoyarsk?action=show&root=244034033&tvd=4244034121463&vrn=424422086835&prver=0&pronetvd=null&region=24&sub_region=24&type=234&vibid=4244034121463','','',''),(24,37,377,240377,'http://www.krasnoyarsk.vybory.izbirkom.ru/region/krasnoyarsk?action=show&root=244034034&tvd=4244034121464&vrn=424422086835&prver=0&pronetvd=null&region=24&sub_region=24&type=234&vibid=4244034121464','','',''),(24,37,378,240378,'http://www.krasnoyarsk.vybory.izbirkom.ru/region/krasnoyarsk?action=show&root=244034035&tvd=4244034121465&vrn=424422086835&prver=0&pronetvd=null&region=24&sub_region=24&type=234&vibid=4244034121465','','',''),(24,37,379,240379,'http://www.krasnoyarsk.vybory.izbirkom.ru/region/krasnoyarsk?action=show&root=244034036&tvd=4244034121466&vrn=424422086835&prver=0&pronetvd=null&region=24&sub_region=24&type=234&vibid=4244034121466','','',''),(24,37,380,240380,'http://www.krasnoyarsk.vybory.izbirkom.ru/region/krasnoyarsk?action=show&root=244034037&tvd=4244034121467&vrn=424422086835&prver=0&pronetvd=null&region=24&sub_region=24&type=234&vibid=4244034121467','','',''),(24,37,381,240381,'http://www.krasnoyarsk.vybory.izbirkom.ru/region/krasnoyarsk?action=show&root=244034038&tvd=4244034121468&vrn=424422086835&prver=0&pronetvd=null&region=24&sub_region=24&type=234&vibid=4244034121468','','',''),(24,37,382,240382,'http://www.krasnoyarsk.vybory.izbirkom.ru/region/krasnoyarsk?action=show&root=244034039&tvd=4244034121469&vrn=424422086835&prver=0&pronetvd=null&region=24&sub_region=24&type=234&vibid=4244034121469','','',''),(24,37,383,240383,'http://www.krasnoyarsk.vybory.izbirkom.ru/region/krasnoyarsk?action=show&root=244034040&tvd=4244034121470&vrn=424422086835&prver=0&pronetvd=null&region=24&sub_region=24&type=234&vibid=4244034121470','','',''),(24,37,384,240384,'http://www.krasnoyarsk.vybory.izbirkom.ru/region/krasnoyarsk?action=show&root=244034041&tvd=4244034121471&vrn=424422086835&prver=0&pronetvd=null&region=24&sub_region=24&type=234&vibid=4244034121471','','',''),(24,37,385,240385,'http://www.krasnoyarsk.vybory.izbirkom.ru/region/krasnoyarsk?action=show&root=244034042&tvd=4244034121472&vrn=424422086835&prver=0&pronetvd=null&region=24&sub_region=24&type=234&vibid=4244034121472','','',''),(24,37,386,240386,'http://www.krasnoyarsk.vybory.izbirkom.ru/region/krasnoyarsk?action=show&root=244034043&tvd=4244034121473&vrn=424422086835&prver=0&pronetvd=null&region=24&sub_region=24&type=234&vibid=4244034121473','','',''),(24,37,387,240387,'http://www.krasnoyarsk.vybory.izbirkom.ru/region/krasnoyarsk?action=show&root=244034044&tvd=4244034121474&vrn=424422086835&prver=0&pronetvd=null&region=24&sub_region=24&type=234&vibid=4244034121474','','',''),(24,37,388,240388,'http://www.krasnoyarsk.vybory.izbirkom.ru/region/krasnoyarsk?action=show&root=244034045&tvd=4244034121475&vrn=424422086835&prver=0&pronetvd=null&region=24&sub_region=24&type=234&vibid=4244034121475','','',''),(24,37,389,240389,'http://www.krasnoyarsk.vybory.izbirkom.ru/region/krasnoyarsk?action=show&root=244034046&tvd=4244034121476&vrn=424422086835&prver=0&pronetvd=null&region=24&sub_region=24&type=234&vibid=4244034121476','','',''),(24,37,390,240390,'http://www.krasnoyarsk.vybory.izbirkom.ru/region/krasnoyarsk?action=show&root=244034047&tvd=4244034121477&vrn=424422086835&prver=0&pronetvd=null&region=24&sub_region=24&type=234&vibid=4244034121477','','',''),(24,38,392,240392,'http://www.krasnoyarsk.vybory.izbirkom.ru/region/krasnoyarsk?action=show&root=244035001&tvd=4244035144171&vrn=424422086835&prver=0&pronetvd=null&region=24&sub_region=24&type=234&vibid=4244035144171','','',''),(24,38,393,240393,'http://www.krasnoyarsk.vybory.izbirkom.ru/region/krasnoyarsk?action=show&root=244035002&tvd=4244035144172&vrn=424422086835&prver=0&pronetvd=null&region=24&sub_region=24&type=234&vibid=4244035144172','','',''),(24,38,394,240394,'http://www.krasnoyarsk.vybory.izbirkom.ru/region/krasnoyarsk?action=show&root=244035003&tvd=4244035144173&vrn=424422086835&prver=0&pronetvd=null&region=24&sub_region=24&type=234&vibid=4244035144173','','',''),(24,38,397,240397,'http://www.krasnoyarsk.vybory.izbirkom.ru/region/krasnoyarsk?action=show&root=244035006&tvd=4244035144176&vrn=424422086835&prver=0&pronetvd=null&region=24&sub_region=24&type=234&vibid=4244035144176','','',''),(24,38,398,240398,'http://www.krasnoyarsk.vybory.izbirkom.ru/region/krasnoyarsk?action=show&root=244035007&tvd=4244035144177&vrn=424422086835&prver=0&pronetvd=null&region=24&sub_region=24&type=234&vibid=4244035144177','','',''),(24,38,399,240399,'http://www.krasnoyarsk.vybory.izbirkom.ru/region/krasnoyarsk?action=show&root=244035008&tvd=4244035144178&vrn=424422086835&prver=0&pronetvd=null&region=24&sub_region=24&type=234&vibid=4244035144178','','',''),(24,38,400,240400,'http://www.krasnoyarsk.vybory.izbirkom.ru/region/krasnoyarsk?action=show&root=244035009&tvd=4244035144179&vrn=424422086835&prver=0&pronetvd=null&region=24&sub_region=24&type=234&vibid=4244035144179','','',''),(24,38,401,240401,'http://www.krasnoyarsk.vybory.izbirkom.ru/region/krasnoyarsk?action=show&root=244035010&tvd=4244035144180&vrn=424422086835&prver=0&pronetvd=null&region=24&sub_region=24&type=234&vibid=4244035144180','','',''),(24,38,402,240402,'http://www.krasnoyarsk.vybory.izbirkom.ru/region/krasnoyarsk?action=show&root=244035011&tvd=4244035144181&vrn=424422086835&prver=0&pronetvd=null&region=24&sub_region=24&type=234&vibid=4244035144181','','',''),(24,38,403,240403,'http://www.krasnoyarsk.vybory.izbirkom.ru/region/krasnoyarsk?action=show&root=244035012&tvd=4244035144182&vrn=424422086835&prver=0&pronetvd=null&region=24&sub_region=24&type=234&vibid=4244035144182','','',''),(24,38,404,240404,'http://www.krasnoyarsk.vybory.izbirkom.ru/region/krasnoyarsk?action=show&root=244035013&tvd=4244035144183&vrn=424422086835&prver=0&pronetvd=null&region=24&sub_region=24&type=234&vibid=4244035144183','','',''),(24,38,405,240405,'http://www.krasnoyarsk.vybory.izbirkom.ru/region/krasnoyarsk?action=show&root=244035014&tvd=4244035144184&vrn=424422086835&prver=0&pronetvd=null&region=24&sub_region=24&type=234&vibid=4244035144184','','',''),(24,38,406,240406,'http://www.krasnoyarsk.vybory.izbirkom.ru/region/krasnoyarsk?action=show&root=244035015&tvd=4244035144185&vrn=424422086835&prver=0&pronetvd=null&region=24&sub_region=24&type=234&vibid=4244035144185','','',''),(24,38,407,240407,'http://www.krasnoyarsk.vybory.izbirkom.ru/region/krasnoyarsk?action=show&root=244035016&tvd=4244035144186&vrn=424422086835&prver=0&pronetvd=null&region=24&sub_region=24&type=234&vibid=4244035144186','','',''),(24,38,408,240408,'http://www.krasnoyarsk.vybory.izbirkom.ru/region/krasnoyarsk?action=show&root=244035017&tvd=4244035144187&vrn=424422086835&prver=0&pronetvd=null&region=24&sub_region=24&type=234&vibid=4244035144187','','',''),(24,38,410,240410,'http://www.krasnoyarsk.vybory.izbirkom.ru/region/krasnoyarsk?action=show&root=244035019&tvd=4244035144189&vrn=424422086835&prver=0&pronetvd=null&region=24&sub_region=24&type=234&vibid=4244035144189','','',''),(24,38,411,240411,'http://www.krasnoyarsk.vybory.izbirkom.ru/region/krasnoyarsk?action=show&root=244035020&tvd=4244035144190&vrn=424422086835&prver=0&pronetvd=null&region=24&sub_region=24&type=234&vibid=4244035144190','','',''),(24,38,412,240412,'http://www.krasnoyarsk.vybory.izbirkom.ru/region/krasnoyarsk?action=show&root=244035021&tvd=4244035144191&vrn=424422086835&prver=0&pronetvd=null&region=24&sub_region=24&type=234&vibid=4244035144191','','',''),(24,38,413,240413,'http://www.krasnoyarsk.vybory.izbirkom.ru/region/krasnoyarsk?action=show&root=244035022&tvd=4244035144192&vrn=424422086835&prver=0&pronetvd=null&region=24&sub_region=24&type=234&vibid=4244035144192','','',''),(24,38,414,240414,'http://www.krasnoyarsk.vybory.izbirkom.ru/region/krasnoyarsk?action=show&root=244035023&tvd=4244035144193&vrn=424422086835&prver=0&pronetvd=null&region=24&sub_region=24&type=234&vibid=4244035144193','','',''),(24,38,415,240415,'http://www.krasnoyarsk.vybory.izbirkom.ru/region/krasnoyarsk?action=show&root=244035024&tvd=4244035144194&vrn=424422086835&prver=0&pronetvd=null&region=24&sub_region=24&type=234&vibid=4244035144194','','',''),(24,38,416,240416,'http://www.krasnoyarsk.vybory.izbirkom.ru/region/krasnoyarsk?action=show&root=244035025&tvd=4244035144195&vrn=424422086835&prver=0&pronetvd=null&region=24&sub_region=24&type=234&vibid=4244035144195','','',''),(24,38,417,240417,'http://www.krasnoyarsk.vybory.izbirkom.ru/region/krasnoyarsk?action=show&root=244035026&tvd=4244035144196&vrn=424422086835&prver=0&pronetvd=null&region=24&sub_region=24&type=234&vibid=4244035144196','','',''),(24,38,418,240418,'http://www.krasnoyarsk.vybory.izbirkom.ru/region/krasnoyarsk?action=show&root=244035027&tvd=4244035144197&vrn=424422086835&prver=0&pronetvd=null&region=24&sub_region=24&type=234&vibid=4244035144197','','',''),(24,38,419,240419,'http://www.krasnoyarsk.vybory.izbirkom.ru/region/krasnoyarsk?action=show&root=244035028&tvd=4244035144198&vrn=424422086835&prver=0&pronetvd=null&region=24&sub_region=24&type=234&vibid=4244035144198','','',''),(24,38,420,240420,'http://www.krasnoyarsk.vybory.izbirkom.ru/region/krasnoyarsk?action=show&root=244035029&tvd=4244035144199&vrn=424422086835&prver=0&pronetvd=null&region=24&sub_region=24&type=234&vibid=4244035144199','','',''),(24,38,421,240421,'http://www.krasnoyarsk.vybory.izbirkom.ru/region/krasnoyarsk?action=show&root=244035030&tvd=4244035144200&vrn=424422086835&prver=0&pronetvd=null&region=24&sub_region=24&type=234&vibid=4244035144200','','',''),(24,38,422,240422,'http://www.krasnoyarsk.vybory.izbirkom.ru/region/krasnoyarsk?action=show&root=244035031&tvd=4244035144201&vrn=424422086835&prver=0&pronetvd=null&region=24&sub_region=24&type=234&vibid=4244035144201','','',''),(24,38,423,240423,'http://www.krasnoyarsk.vybory.izbirkom.ru/region/krasnoyarsk?action=show&root=244035032&tvd=4244035144202&vrn=424422086835&prver=0&pronetvd=null&region=24&sub_region=24&type=234&vibid=4244035144202','','',''),(24,38,424,240424,'http://www.krasnoyarsk.vybory.izbirkom.ru/region/krasnoyarsk?action=show&root=244035033&tvd=4244035144203&vrn=424422086835&prver=0&pronetvd=null&region=24&sub_region=24&type=234&vibid=4244035144203','','',''),(24,38,425,240425,'http://www.krasnoyarsk.vybory.izbirkom.ru/region/krasnoyarsk?action=show&root=244035034&tvd=4244035144204&vrn=424422086835&prver=0&pronetvd=null&region=24&sub_region=24&type=234&vibid=4244035144204','','',''),(24,38,426,240426,'http://www.krasnoyarsk.vybory.izbirkom.ru/region/krasnoyarsk?action=show&root=244035035&tvd=4244035144205&vrn=424422086835&prver=0&pronetvd=null&region=24&sub_region=24&type=234&vibid=4244035144205','','',''),(24,38,427,240427,'http://www.krasnoyarsk.vybory.izbirkom.ru/region/krasnoyarsk?action=show&root=244035036&tvd=4244035144206&vrn=424422086835&prver=0&pronetvd=null&region=24&sub_region=24&type=234&vibid=4244035144206','','',''),(24,38,428,240428,'http://www.krasnoyarsk.vybory.izbirkom.ru/region/krasnoyarsk?action=show&root=244035037&tvd=4244035144207&vrn=424422086835&prver=0&pronetvd=null&region=24&sub_region=24&type=234&vibid=4244035144207','','',''),(24,38,429,240429,'http://www.krasnoyarsk.vybory.izbirkom.ru/region/krasnoyarsk?action=show&root=244035038&tvd=4244035144208&vrn=424422086835&prver=0&pronetvd=null&region=24&sub_region=24&type=234&vibid=4244035144208','','',''),(24,38,430,240430,'http://www.krasnoyarsk.vybory.izbirkom.ru/region/krasnoyarsk?action=show&root=244035039&tvd=4244035144209&vrn=424422086835&prver=0&pronetvd=null&region=24&sub_region=24&type=234&vibid=4244035144209','','',''),(24,38,431,240431,'http://www.krasnoyarsk.vybory.izbirkom.ru/region/krasnoyarsk?action=show&root=244035040&tvd=4244035144210&vrn=424422086835&prver=0&pronetvd=null&region=24&sub_region=24&type=234&vibid=4244035144210','','',''),(24,38,432,240432,'http://www.krasnoyarsk.vybory.izbirkom.ru/region/krasnoyarsk?action=show&root=244035041&tvd=4244035144211&vrn=424422086835&prver=0&pronetvd=null&region=24&sub_region=24&type=234&vibid=4244035144211','','',''),(24,38,433,240433,'http://www.krasnoyarsk.vybory.izbirkom.ru/region/krasnoyarsk?action=show&root=244035042&tvd=4244035144212&vrn=424422086835&prver=0&pronetvd=null&region=24&sub_region=24&type=234&vibid=4244035144212','','',''),(24,38,434,240434,'http://www.krasnoyarsk.vybory.izbirkom.ru/region/krasnoyarsk?action=show&root=244035043&tvd=4244035144213&vrn=424422086835&prver=0&pronetvd=null&region=24&sub_region=24&type=234&vibid=4244035144213','','',''),(24,38,435,240435,'http://www.krasnoyarsk.vybory.izbirkom.ru/region/krasnoyarsk?action=show&root=244035044&tvd=4244035144214&vrn=424422086835&prver=0&pronetvd=null&region=24&sub_region=24&type=234&vibid=4244035144214','','',''),(24,38,436,240436,'http://www.krasnoyarsk.vybory.izbirkom.ru/region/krasnoyarsk?action=show&root=244035045&tvd=4244035144215&vrn=424422086835&prver=0&pronetvd=null&region=24&sub_region=24&type=234&vibid=4244035144215','','',''),(24,38,437,240437,'http://www.krasnoyarsk.vybory.izbirkom.ru/region/krasnoyarsk?action=show&root=244035046&tvd=4244035144216&vrn=424422086835&prver=0&pronetvd=null&region=24&sub_region=24&type=234&vibid=4244035144216','','',''),(24,38,438,240438,'http://www.krasnoyarsk.vybory.izbirkom.ru/region/krasnoyarsk?action=show&root=244035047&tvd=4244035144217&vrn=424422086835&prver=0&pronetvd=null&region=24&sub_region=24&type=234&vibid=4244035144217','','',''),(24,38,439,240439,'http://www.krasnoyarsk.vybory.izbirkom.ru/region/krasnoyarsk?action=show&root=244035048&tvd=4244035144218&vrn=424422086835&prver=0&pronetvd=null&region=24&sub_region=24&type=234&vibid=4244035144218','','',''),(24,38,440,240440,'http://www.krasnoyarsk.vybory.izbirkom.ru/region/krasnoyarsk?action=show&root=244035049&tvd=4244035144219&vrn=424422086835&prver=0&pronetvd=null&region=24&sub_region=24&type=234&vibid=4244035144219','','',''),(24,38,441,240441,'http://www.krasnoyarsk.vybory.izbirkom.ru/region/krasnoyarsk?action=show&root=244035050&tvd=4244035144220&vrn=424422086835&prver=0&pronetvd=null&region=24&sub_region=24&type=234&vibid=4244035144220','','',''),(24,38,442,240442,'http://www.krasnoyarsk.vybory.izbirkom.ru/region/krasnoyarsk?action=show&root=244035051&tvd=4244035144221&vrn=424422086835&prver=0&pronetvd=null&region=24&sub_region=24&type=234&vibid=4244035144221','','',''),(24,38,443,240443,'http://www.krasnoyarsk.vybory.izbirkom.ru/region/krasnoyarsk?action=show&root=244035052&tvd=4244035144222&vrn=424422086835&prver=0&pronetvd=null&region=24&sub_region=24&type=234&vibid=4244035144222','','',''),(24,38,444,240444,'http://www.krasnoyarsk.vybory.izbirkom.ru/region/krasnoyarsk?action=show&root=244035053&tvd=4244035144223&vrn=424422086835&prver=0&pronetvd=null&region=24&sub_region=24&type=234&vibid=4244035144223','','',''),(24,38,445,240445,'http://www.krasnoyarsk.vybory.izbirkom.ru/region/krasnoyarsk?action=show&root=244035054&tvd=4244035144224&vrn=424422086835&prver=0&pronetvd=null&region=24&sub_region=24&type=234&vibid=4244035144224','','',''),(24,38,446,240446,'http://www.krasnoyarsk.vybory.izbirkom.ru/region/krasnoyarsk?action=show&root=244035055&tvd=4244035144225&vrn=424422086835&prver=0&pronetvd=null&region=24&sub_region=24&type=234&vibid=4244035144225','','',''),(24,38,447,240447,'http://www.krasnoyarsk.vybory.izbirkom.ru/region/krasnoyarsk?action=show&root=244035056&tvd=4244035144226&vrn=424422086835&prver=0&pronetvd=null&region=24&sub_region=24&type=234&vibid=4244035144226','','',''),(24,38,448,240448,'http://www.krasnoyarsk.vybory.izbirkom.ru/region/krasnoyarsk?action=show&root=244035057&tvd=4244035144227&vrn=424422086835&prver=0&pronetvd=null&region=24&sub_region=24&type=234&vibid=4244035144227','','',''),(24,38,449,240449,'http://www.krasnoyarsk.vybory.izbirkom.ru/region/krasnoyarsk?action=show&root=244035058&tvd=4244035144228&vrn=424422086835&prver=0&pronetvd=null&region=24&sub_region=24&type=234&vibid=4244035144228','','',''),(24,38,450,240450,'http://www.krasnoyarsk.vybory.izbirkom.ru/region/krasnoyarsk?action=show&root=244035059&tvd=4244035144229&vrn=424422086835&prver=0&pronetvd=null&region=24&sub_region=24&type=234&vibid=4244035144229','','',''),(24,38,451,240451,'http://www.krasnoyarsk.vybory.izbirkom.ru/region/krasnoyarsk?action=show&root=244035060&tvd=4244035144230&vrn=424422086835&prver=0&pronetvd=null&region=24&sub_region=24&type=234&vibid=4244035144230','','',''),(24,38,452,240452,'http://www.krasnoyarsk.vybory.izbirkom.ru/region/krasnoyarsk?action=show&root=244035061&tvd=4244035144231&vrn=424422086835&prver=0&pronetvd=null&region=24&sub_region=24&type=234&vibid=4244035144231','','',''),(24,38,453,240453,'http://www.krasnoyarsk.vybory.izbirkom.ru/region/krasnoyarsk?action=show&root=244035062&tvd=4244035144232&vrn=424422086835&prver=0&pronetvd=null&region=24&sub_region=24&type=234&vibid=4244035144232','','',''),(24,38,454,240454,'http://www.krasnoyarsk.vybory.izbirkom.ru/region/krasnoyarsk?action=show&root=244035063&tvd=4244035144233&vrn=424422086835&prver=0&pronetvd=null&region=24&sub_region=24&type=234&vibid=4244035144233','','',''),(24,38,455,240455,'http://www.krasnoyarsk.vybory.izbirkom.ru/region/krasnoyarsk?action=show&root=244035064&tvd=4244035144234&vrn=424422086835&prver=0&pronetvd=null&region=24&sub_region=24&type=234&vibid=4244035144234','','',''),(24,38,456,240456,'http://www.krasnoyarsk.vybory.izbirkom.ru/region/krasnoyarsk?action=show&root=244035065&tvd=4244035144235&vrn=424422086835&prver=0&pronetvd=null&region=24&sub_region=24&type=234&vibid=4244035144235','','',''),(24,38,457,240457,'http://www.krasnoyarsk.vybory.izbirkom.ru/region/krasnoyarsk?action=show&root=244035066&tvd=4244035144236&vrn=424422086835&prver=0&pronetvd=null&region=24&sub_region=24&type=234&vibid=4244035144236','','',''),(24,38,458,240458,'http://www.krasnoyarsk.vybory.izbirkom.ru/region/krasnoyarsk?action=show&root=244035067&tvd=4244035144237&vrn=424422086835&prver=0&pronetvd=null&region=24&sub_region=24&type=234&vibid=4244035144237','','',''),(24,38,459,240459,'http://www.krasnoyarsk.vybory.izbirkom.ru/region/krasnoyarsk?action=show&root=244035068&tvd=4244035144238&vrn=424422086835&prver=0&pronetvd=null&region=24&sub_region=24&type=234&vibid=4244035144238','','',''),(24,38,460,240460,'http://www.krasnoyarsk.vybory.izbirkom.ru/region/krasnoyarsk?action=show&root=244035069&tvd=4244035144239&vrn=424422086835&prver=0&pronetvd=null&region=24&sub_region=24&type=234&vibid=4244035144239','','',''),(24,38,461,240461,'http://www.krasnoyarsk.vybory.izbirkom.ru/region/krasnoyarsk?action=show&root=244035070&tvd=4244035144240&vrn=424422086835&prver=0&pronetvd=null&region=24&sub_region=24&type=234&vibid=4244035144240','','',''),(24,38,462,240462,'http://www.krasnoyarsk.vybory.izbirkom.ru/region/krasnoyarsk?action=show&root=244035071&tvd=4244035144241&vrn=424422086835&prver=0&pronetvd=null&region=24&sub_region=24&type=234&vibid=4244035144241','','',''),(24,38,463,240463,'http://www.krasnoyarsk.vybory.izbirkom.ru/region/krasnoyarsk?action=show&root=244035072&tvd=4244035144242&vrn=424422086835&prver=0&pronetvd=null&region=24&sub_region=24&type=234&vibid=4244035144242','','',''),(24,38,464,240464,'http://www.krasnoyarsk.vybory.izbirkom.ru/region/krasnoyarsk?action=show&root=244035073&tvd=4244035144243&vrn=424422086835&prver=0&pronetvd=null&region=24&sub_region=24&type=234&vibid=4244035144243','','',''),(24,38,465,240465,'http://www.krasnoyarsk.vybory.izbirkom.ru/region/krasnoyarsk?action=show&root=244035074&tvd=4244035144244&vrn=424422086835&prver=0&pronetvd=null&region=24&sub_region=24&type=234&vibid=4244035144244','','',''),(24,38,466,240466,'http://www.krasnoyarsk.vybory.izbirkom.ru/region/krasnoyarsk?action=show&root=244035075&tvd=4244035144245&vrn=424422086835&prver=0&pronetvd=null&region=24&sub_region=24&type=234&vibid=4244035144245','','',''),(24,38,467,240467,'http://www.krasnoyarsk.vybory.izbirkom.ru/region/krasnoyarsk?action=show&root=244035076&tvd=4244035144246&vrn=424422086835&prver=0&pronetvd=null&region=24&sub_region=24&type=234&vibid=4244035144246','','',''),(24,38,468,240468,'http://www.krasnoyarsk.vybory.izbirkom.ru/region/krasnoyarsk?action=show&root=244035077&tvd=4244035144247&vrn=424422086835&prver=0&pronetvd=null&region=24&sub_region=24&type=234&vibid=4244035144247','','',''),(24,38,469,240469,'http://www.krasnoyarsk.vybory.izbirkom.ru/region/krasnoyarsk?action=show&root=244035078&tvd=4244035144248&vrn=424422086835&prver=0&pronetvd=null&region=24&sub_region=24&type=234&vibid=4244035144248','','',''),(24,38,470,240470,'http://www.krasnoyarsk.vybory.izbirkom.ru/region/krasnoyarsk?action=show&root=244035079&tvd=4244035144249&vrn=424422086835&prver=0&pronetvd=null&region=24&sub_region=24&type=234&vibid=4244035144249','','',''),(24,38,471,240471,'http://www.krasnoyarsk.vybory.izbirkom.ru/region/krasnoyarsk?action=show&root=244035080&tvd=4244035144250&vrn=424422086835&prver=0&pronetvd=null&region=24&sub_region=24&type=234&vibid=4244035144250','','',''),(24,38,472,240472,'http://www.krasnoyarsk.vybory.izbirkom.ru/region/krasnoyarsk?action=show&root=244035081&tvd=4244035144251&vrn=424422086835&prver=0&pronetvd=null&region=24&sub_region=24&type=234&vibid=4244035144251','','',''),(24,38,473,240473,'http://www.krasnoyarsk.vybory.izbirkom.ru/region/krasnoyarsk?action=show&root=244035082&tvd=4244035144252&vrn=424422086835&prver=0&pronetvd=null&region=24&sub_region=24&type=234&vibid=4244035144252','','',''),(24,39,474,240474,'http://www.krasnoyarsk.vybory.izbirkom.ru/region/krasnoyarsk?action=show&root=244036001&tvd=4244036106203&vrn=424422086835&prver=0&pronetvd=null&region=24&sub_region=24&type=234&vibid=4244036106203','','',''),(24,39,475,240475,'http://www.krasnoyarsk.vybory.izbirkom.ru/region/krasnoyarsk?action=show&root=244036002&tvd=4244036106204&vrn=424422086835&prver=0&pronetvd=null&region=24&sub_region=24&type=234&vibid=4244036106204','','',''),(24,39,476,240476,'http://www.krasnoyarsk.vybory.izbirkom.ru/region/krasnoyarsk?action=show&root=244036003&tvd=4244036106205&vrn=424422086835&prver=0&pronetvd=null&region=24&sub_region=24&type=234&vibid=4244036106205','','',''),(24,39,477,240477,'http://www.krasnoyarsk.vybory.izbirkom.ru/region/krasnoyarsk?action=show&root=244036004&tvd=4244036106206&vrn=424422086835&prver=0&pronetvd=null&region=24&sub_region=24&type=234&vibid=4244036106206','','',''),(24,39,478,240478,'http://www.krasnoyarsk.vybory.izbirkom.ru/region/krasnoyarsk?action=show&root=244036005&tvd=4244036106207&vrn=424422086835&prver=0&pronetvd=null&region=24&sub_region=24&type=234&vibid=4244036106207','','',''),(24,39,479,240479,'http://www.krasnoyarsk.vybory.izbirkom.ru/region/krasnoyarsk?action=show&root=244036006&tvd=4244036106208&vrn=424422086835&prver=0&pronetvd=null&region=24&sub_region=24&type=234&vibid=4244036106208','','',''),(24,39,480,240480,'http://www.krasnoyarsk.vybory.izbirkom.ru/region/krasnoyarsk?action=show&root=244036007&tvd=4244036106209&vrn=424422086835&prver=0&pronetvd=null&region=24&sub_region=24&type=234&vibid=4244036106209','','',''),(24,39,481,240481,'http://www.krasnoyarsk.vybory.izbirkom.ru/region/krasnoyarsk?action=show&root=244036008&tvd=4244036106210&vrn=424422086835&prver=0&pronetvd=null&region=24&sub_region=24&type=234&vibid=4244036106210','','',''),(24,39,482,240482,'http://www.krasnoyarsk.vybory.izbirkom.ru/region/krasnoyarsk?action=show&root=244036009&tvd=4244036106211&vrn=424422086835&prver=0&pronetvd=null&region=24&sub_region=24&type=234&vibid=4244036106211','','',''),(24,39,483,240483,'http://www.krasnoyarsk.vybory.izbirkom.ru/region/krasnoyarsk?action=show&root=244036010&tvd=4244036106212&vrn=424422086835&prver=0&pronetvd=null&region=24&sub_region=24&type=234&vibid=4244036106212','','',''),(24,39,484,240484,'http://www.krasnoyarsk.vybory.izbirkom.ru/region/krasnoyarsk?action=show&root=244036011&tvd=4244036106213&vrn=424422086835&prver=0&pronetvd=null&region=24&sub_region=24&type=234&vibid=4244036106213','','',''),(24,39,485,240485,'http://www.krasnoyarsk.vybory.izbirkom.ru/region/krasnoyarsk?action=show&root=244036012&tvd=4244036106214&vrn=424422086835&prver=0&pronetvd=null&region=24&sub_region=24&type=234&vibid=4244036106214','','',''),(24,39,486,240486,'http://www.krasnoyarsk.vybory.izbirkom.ru/region/krasnoyarsk?action=show&root=244036013&tvd=4244036106215&vrn=424422086835&prver=0&pronetvd=null&region=24&sub_region=24&type=234&vibid=4244036106215','','',''),(24,39,487,240487,'http://www.krasnoyarsk.vybory.izbirkom.ru/region/krasnoyarsk?action=show&root=244036014&tvd=4244036106216&vrn=424422086835&prver=0&pronetvd=null&region=24&sub_region=24&type=234&vibid=4244036106216','','',''),(24,39,488,240488,'http://www.krasnoyarsk.vybory.izbirkom.ru/region/krasnoyarsk?action=show&root=244036015&tvd=4244036106217&vrn=424422086835&prver=0&pronetvd=null&region=24&sub_region=24&type=234&vibid=4244036106217','','',''),(24,39,489,240489,'http://www.krasnoyarsk.vybory.izbirkom.ru/region/krasnoyarsk?action=show&root=244036016&tvd=4244036106218&vrn=424422086835&prver=0&pronetvd=null&region=24&sub_region=24&type=234&vibid=4244036106218','','',''),(24,39,490,240490,'http://www.krasnoyarsk.vybory.izbirkom.ru/region/krasnoyarsk?action=show&root=244036017&tvd=4244036106219&vrn=424422086835&prver=0&pronetvd=null&region=24&sub_region=24&type=234&vibid=4244036106219','','',''),(24,39,491,240491,'http://www.krasnoyarsk.vybory.izbirkom.ru/region/krasnoyarsk?action=show&root=244036018&tvd=4244036106220&vrn=424422086835&prver=0&pronetvd=null&region=24&sub_region=24&type=234&vibid=4244036106220','','',''),(24,39,492,240492,'http://www.krasnoyarsk.vybory.izbirkom.ru/region/krasnoyarsk?action=show&root=244036019&tvd=4244036106221&vrn=424422086835&prver=0&pronetvd=null&region=24&sub_region=24&type=234&vibid=4244036106221','','',''),(24,39,493,240493,'http://www.krasnoyarsk.vybory.izbirkom.ru/region/krasnoyarsk?action=show&root=244036020&tvd=4244036106222&vrn=424422086835&prver=0&pronetvd=null&region=24&sub_region=24&type=234&vibid=4244036106222','','',''),(24,39,494,240494,'http://www.krasnoyarsk.vybory.izbirkom.ru/region/krasnoyarsk?action=show&root=244036021&tvd=4244036106223&vrn=424422086835&prver=0&pronetvd=null&region=24&sub_region=24&type=234&vibid=4244036106223','','',''),(24,39,495,240495,'http://www.krasnoyarsk.vybory.izbirkom.ru/region/krasnoyarsk?action=show&root=244036022&tvd=4244036106224&vrn=424422086835&prver=0&pronetvd=null&region=24&sub_region=24&type=234&vibid=4244036106224','','',''),(24,39,496,240496,'http://www.krasnoyarsk.vybory.izbirkom.ru/region/krasnoyarsk?action=show&root=244036023&tvd=4244036106225&vrn=424422086835&prver=0&pronetvd=null&region=24&sub_region=24&type=234&vibid=4244036106225','','',''),(24,39,497,240497,'http://www.krasnoyarsk.vybory.izbirkom.ru/region/krasnoyarsk?action=show&root=244036024&tvd=4244036106226&vrn=424422086835&prver=0&pronetvd=null&region=24&sub_region=24&type=234&vibid=4244036106226','','',''),(24,39,498,240498,'http://www.krasnoyarsk.vybory.izbirkom.ru/region/krasnoyarsk?action=show&root=244036025&tvd=4244036106227&vrn=424422086835&prver=0&pronetvd=null&region=24&sub_region=24&type=234&vibid=4244036106227','','',''),(24,39,499,240499,'http://www.krasnoyarsk.vybory.izbirkom.ru/region/krasnoyarsk?action=show&root=244036026&tvd=4244036106228&vrn=424422086835&prver=0&pronetvd=null&region=24&sub_region=24&type=234&vibid=4244036106228','','',''),(24,39,500,240500,'http://www.krasnoyarsk.vybory.izbirkom.ru/region/krasnoyarsk?action=show&root=244036027&tvd=4244036106229&vrn=424422086835&prver=0&pronetvd=null&region=24&sub_region=24&type=234&vibid=4244036106229','','',''),(24,39,501,240501,'http://www.krasnoyarsk.vybory.izbirkom.ru/region/krasnoyarsk?action=show&root=244036028&tvd=4244036106230&vrn=424422086835&prver=0&pronetvd=null&region=24&sub_region=24&type=234&vibid=4244036106230','','',''),(24,39,502,240502,'http://www.krasnoyarsk.vybory.izbirkom.ru/region/krasnoyarsk?action=show&root=244036029&tvd=4244036106231&vrn=424422086835&prver=0&pronetvd=null&region=24&sub_region=24&type=234&vibid=4244036106231','','',''),(24,39,504,240504,'http://www.krasnoyarsk.vybory.izbirkom.ru/region/krasnoyarsk?action=show&root=244036031&tvd=4244036106233&vrn=424422086835&prver=0&pronetvd=null&region=24&sub_region=24&type=234&vibid=4244036106233','','',''),(24,38,2194,242194,'http://www.krasnoyarsk.vybory.izbirkom.ru/region/krasnoyarsk?action=show&root=244035083&tvd=4244035144253&vrn=424422086835&prver=0&pronetvd=null&region=24&sub_region=24&type=234&vibid=4244035144253','','',''),(24,38,2195,242195,'http://www.krasnoyarsk.vybory.izbirkom.ru/region/krasnoyarsk?action=show&root=244035084&tvd=4244035144254&vrn=424422086835&prver=0&pronetvd=null&region=24&sub_region=24&type=234&vibid=4244035144254','','',''),(24,38,2196,242196,'http://www.krasnoyarsk.vybory.izbirkom.ru/region/krasnoyarsk?action=show&root=244035085&tvd=4244035144255&vrn=424422086835&prver=0&pronetvd=null&region=24&sub_region=24&type=234&vibid=4244035144255','','',''),(24,38,2270,242270,'http://www.krasnoyarsk.vybory.izbirkom.ru/region/krasnoyarsk?action=show&root=244035086&tvd=4244035144256&vrn=424422086835&prver=0&pronetvd=null&region=24&sub_region=24&type=234&vibid=4244035144256','','',''),(24,38,2271,242271,'http://www.krasnoyarsk.vybory.izbirkom.ru/region/krasnoyarsk?action=show&root=244035087&tvd=4244035144257&vrn=424422086835&prver=0&pronetvd=null&region=24&sub_region=24&type=234&vibid=4244035144257','','',''),(24,38,2272,242272,'http://www.krasnoyarsk.vybory.izbirkom.ru/region/krasnoyarsk?action=show&root=244035088&tvd=4244035144258&vrn=424422086835&prver=0&pronetvd=null&region=24&sub_region=24&type=234&vibid=4244035144258','','',''),(24,35,2278,242278,'http://www.krasnoyarsk.vybory.izbirkom.ru/region/krasnoyarsk?action=show&root=244032052&tvd=4244032118405&vrn=424422086835&prver=0&pronetvd=null&region=24&sub_region=24&type=234&vibid=4244032118405','','',''),(24,36,2296,242296,'http://www.krasnoyarsk.vybory.izbirkom.ru/region/krasnoyarsk?action=show&root=244033051&tvd=4244033121679&vrn=424422086835&prver=0&pronetvd=null&region=24&sub_region=24&type=234&vibid=4244033121679','','',''),(24,36,2297,242297,'http://www.krasnoyarsk.vybory.izbirkom.ru/region/krasnoyarsk?action=show&root=244033052&tvd=4244033121680&vrn=424422086835&prver=0&pronetvd=null&region=24&sub_region=24&type=234&vibid=4244033121680','','',''),(24,39,2298,242298,'http://www.krasnoyarsk.vybory.izbirkom.ru/region/krasnoyarsk?action=show&root=244036032&tvd=4244036106234&vrn=424422086835&prver=0&pronetvd=null&region=24&sub_region=24&type=234&vibid=4244036106234','','',''),(24,38,2299,242299,'http://www.krasnoyarsk.vybory.izbirkom.ru/region/krasnoyarsk?action=show&root=244035089&tvd=4244035144259&vrn=424422086835&prver=0&pronetvd=null&region=24&sub_region=24&type=234&vibid=4244035144259','','',''),(24,38,2300,242300,'http://www.krasnoyarsk.vybory.izbirkom.ru/region/krasnoyarsk?action=show&root=244035090&tvd=4244035144260&vrn=424422086835&prver=0&pronetvd=null&region=24&sub_region=24&type=234&vibid=4244035144260','','',''),(24,38,2301,242301,'http://www.krasnoyarsk.vybory.izbirkom.ru/region/krasnoyarsk?action=show&root=244035091&tvd=4244035144261&vrn=424422086835&prver=0&pronetvd=null&region=24&sub_region=24&type=234&vibid=4244035144261','','',''),(24,38,2302,242302,'http://www.krasnoyarsk.vybory.izbirkom.ru/region/krasnoyarsk?action=show&root=244035092&tvd=4244035144262&vrn=424422086835&prver=0&pronetvd=null&region=24&sub_region=24&type=234&vibid=4244035144262','','',''),(24,38,2303,242303,'http://www.krasnoyarsk.vybory.izbirkom.ru/region/krasnoyarsk?action=show&root=244035093&tvd=4244035144263&vrn=424422086835&prver=0&pronetvd=null&region=24&sub_region=24&type=234&vibid=4244035144263','','',''),(24,38,2304,242304,'http://www.krasnoyarsk.vybory.izbirkom.ru/region/krasnoyarsk?action=show&root=244035094&tvd=4244035144264&vrn=424422086835&prver=0&pronetvd=null&region=24&sub_region=24&type=234&vibid=4244035144264','','',''),(24,38,2305,242305,'http://www.krasnoyarsk.vybory.izbirkom.ru/region/krasnoyarsk?action=show&root=244035095&tvd=4244035144265&vrn=424422086835&prver=0&pronetvd=null&region=24&sub_region=24&type=234&vibid=4244035144265','','',''),(24,38,2306,242306,'http://www.krasnoyarsk.vybory.izbirkom.ru/region/krasnoyarsk?action=show&root=244035096&tvd=4244035144266&vrn=424422086835&prver=0&pronetvd=null&region=24&sub_region=24&type=234&vibid=4244035144266','','',''),(24,38,2307,242307,'http://www.krasnoyarsk.vybory.izbirkom.ru/region/krasnoyarsk?action=show&root=244035097&tvd=4244035144267&vrn=424422086835&prver=0&pronetvd=null&region=24&sub_region=24&type=234&vibid=4244035144267','','',''),(24,38,2308,242308,'http://www.krasnoyarsk.vybory.izbirkom.ru/region/krasnoyarsk?action=show&root=244035098&tvd=4244035144268&vrn=424422086835&prver=0&pronetvd=null&region=24&sub_region=24&type=234&vibid=4244035144268','','',''),(24,38,2309,242309,'http://www.krasnoyarsk.vybory.izbirkom.ru/region/krasnoyarsk?action=show&root=244035099&tvd=4244035144269&vrn=424422086835&prver=0&pronetvd=null&region=24&sub_region=24&type=234&vibid=4244035144269','','',''),(24,38,2310,242310,'http://www.krasnoyarsk.vybory.izbirkom.ru/region/krasnoyarsk?action=show&root=244035100&tvd=4244035144270&vrn=424422086835&prver=0&pronetvd=null&region=24&sub_region=24&type=234&vibid=4244035144270','','',''),(24,38,2311,242311,'http://www.krasnoyarsk.vybory.izbirkom.ru/region/krasnoyarsk?action=show&root=244035101&tvd=4244035144271&vrn=424422086835&prver=0&pronetvd=null&region=24&sub_region=24&type=234&vibid=4244035144271','','',''),(24,38,2312,242312,'http://www.krasnoyarsk.vybory.izbirkom.ru/region/krasnoyarsk?action=show&root=244035102&tvd=4244035144272&vrn=424422086835&prver=0&pronetvd=null&region=24&sub_region=24&type=234&vibid=4244035144272','','',''),(24,38,2313,242313,'http://www.krasnoyarsk.vybory.izbirkom.ru/region/krasnoyarsk?action=show&root=244035103&tvd=4244035144273&vrn=424422086835&prver=0&pronetvd=null&region=24&sub_region=24&type=234&vibid=4244035144273','','',''),(24,38,2314,242314,'http://www.krasnoyarsk.vybory.izbirkom.ru/region/krasnoyarsk?action=show&root=244035104&tvd=4244035144274&vrn=424422086835&prver=0&pronetvd=null&region=24&sub_region=24&type=234&vibid=4244035144274','','',''),(24,35,2317,242317,'http://www.krasnoyarsk.vybory.izbirkom.ru/region/krasnoyarsk?action=show&root=244032053&tvd=4244032118406&vrn=424422086835&prver=0&pronetvd=null&region=24&sub_region=24&type=234&vibid=4244032118406','','',''),(24,35,2318,242318,'http://www.krasnoyarsk.vybory.izbirkom.ru/region/krasnoyarsk?action=show&root=244032054&tvd=4244032118407&vrn=424422086835&prver=0&pronetvd=null&region=24&sub_region=24&type=234&vibid=4244032118407','','',''),(24,36,2319,242319,'http://www.krasnoyarsk.vybory.izbirkom.ru/region/krasnoyarsk?action=show&root=244033053&tvd=4244033121681&vrn=424422086835&prver=0&pronetvd=null&region=24&sub_region=24&type=234&vibid=4244033121681','','',''),(24,36,2320,242320,'http://www.krasnoyarsk.vybory.izbirkom.ru/region/krasnoyarsk?action=show&root=244033054&tvd=4244033121682&vrn=424422086835&prver=0&pronetvd=null&region=24&sub_region=24&type=234&vibid=4244033121682','','',''),(24,36,2323,242323,'http://www.krasnoyarsk.vybory.izbirkom.ru/region/krasnoyarsk?action=show&root=244033055&tvd=4244033121683&vrn=424422086835&prver=0&pronetvd=null&region=24&sub_region=24&type=234&vibid=4244033121683','','',''),(24,37,2324,242324,'http://www.krasnoyarsk.vybory.izbirkom.ru/region/krasnoyarsk?action=show&root=244034048&tvd=4244034121478&vrn=424422086835&prver=0&pronetvd=null&region=24&sub_region=24&type=234&vibid=4244034121478','','',''),(24,37,2325,242325,'http://www.krasnoyarsk.vybory.izbirkom.ru/region/krasnoyarsk?action=show&root=244034049&tvd=4244034121479&vrn=424422086835&prver=0&pronetvd=null&region=24&sub_region=24&type=234&vibid=4244034121479','','',''),(24,37,2326,242326,'http://www.krasnoyarsk.vybory.izbirkom.ru/region/krasnoyarsk?action=show&root=244034050&tvd=4244034121480&vrn=424422086835&prver=0&pronetvd=null&region=24&sub_region=24&type=234&vibid=4244034121480','','','');

/*Table structure for table `krasnoyarsk_violation` */

DROP TABLE IF EXISTS `krasnoyarsk_violation`;

CREATE TABLE `krasnoyarsk_violation` (
  `ProjectId` varchar(50) NOT NULL COMMENT 'id в проекте наблюдателе',
  `ProjectCode` char(2) NOT NULL COMMENT 'код проекта наблюдателя',
  `ProjectUptime` datetime NOT NULL COMMENT 'время последнего обновления в проекте наблюдателе',
  `ProjectVersion` smallint(6) NOT NULL COMMENT 'версия записи',
  `RegionNum` int(11) NOT NULL COMMENT 'номер региона',
  `MergedTypeId` int(11) NOT NULL COMMENT 'тип нарушения',
  `Description` longtext NOT NULL COMMENT 'описание',
  `Place` varchar(100) DEFAULT NULL COMMENT 'место',
  `ComplaintStatus` char(1) DEFAULT NULL COMMENT 'n-нет данных;0-не подана, 1-подана, 2-отклонена, 3-есть реакция',
  `UIKNum` int(11) DEFAULT NULL,
  `TIKNum` int(11) DEFAULT NULL,
  `Media` longtext,
  `Obsrole` char(1) DEFAULT 'n' COMMENT 'n-нет данных;0-избиратель;1-ПРГ;2-ПСГ;3-Наблюдатель;4-Корр',
  `Impact` smallint(6) DEFAULT NULL COMMENT 'влияние на результат',
  `Obstime` datetime DEFAULT NULL COMMENT 'время нарушения',
  `Loadtime` datetime DEFAULT NULL COMMENT 'время загрузки в эту таблицу',
  `Recchanel` smallint(6) DEFAULT NULL COMMENT 'канал поступления',
  `Hqcomment` longtext COMMENT 'комментарий штаба',
  `Obsid` varchar(50) DEFAULT NULL COMMENT 'id наблюдателя (0 - не из системы)',
  `Obstrusted` smallint(6) DEFAULT NULL COMMENT 'уровень доверия',
  `PoliceReaction` smallint(4) DEFAULT NULL COMMENT '0-нет инфы, 1-был вызов, 2-прибыла',
  `Rectified` tinyint(1) DEFAULT NULL COMMENT 'удалось предотвратить',
  `Rectime` datetime DEFAULT NULL COMMENT 'время получения проектом наблюдателем',
  PRIMARY KEY (`ProjectId`,`ProjectCode`,`ProjectUptime`,`ProjectVersion`),
  KEY `RegionNum` (`RegionNum`),
  KEY `UIKNum` (`RegionNum`,`UIKNum`),
  KEY `TikNum` (`RegionNum`,`TIKNum`),
  KEY `Loadtime` (`Loadtime`),
  KEY `MergedTypeId` (`MergedTypeId`),
  KEY `uptime` (`ProjectUptime`)
) ENGINE=InnoDB DEFAULT CHARSET=utf8;

/*Data for the table `krasnoyarsk_violation` */

insert  into `krasnoyarsk_violation`(`ProjectId`,`ProjectCode`,`ProjectUptime`,`ProjectVersion`,`RegionNum`,`MergedTypeId`,`Description`,`Place`,`ComplaintStatus`,`UIKNum`,`TIKNum`,`Media`,`Obsrole`,`Impact`,`Obstime`,`Loadtime`,`Recchanel`,`Hqcomment`,`Obsid`,`Obstrusted`,`PoliceReaction`,`Rectified`,`Rectime`) values ('violation_23857','AG','2012-06-10 16:18:34',1,24,0,'7-30 Не допускают наблюдателя на участок под предлогом отсутствия направления (у наблюдателя есть заявление)','','n',227,33,'a:0:{}','0',0,'2012-06-10 16:18:34','2012-06-10 16:18:34',0,'','',0,0,0,NULL),('violation_23858','AG','2012-06-10 16:18:34',1,24,0,'В документе о назначении члена УИК с правом совещательного голоса требуют поменять заголовок на “направление”.','','n',318,35,'a:0:{}','0',0,'2012-06-10 16:18:34','2012-06-10 16:18:34',0,'','',0,0,0,NULL),('violation_23862','AG','2012-06-10 16:18:34',1,24,0,'На всех участках Кировского района находятся люди в статусе “наблюдателей от ассоциации юристов”. Председатели ТИК  и УИК сообщают, что пускать их – личное распоряжение председателя ГИК.','','n',0,0,'a:0:{}','0',0,'2012-06-10 16:18:34','2012-06-10 16:18:34',0,'','',0,0,0,NULL),('violation_23863','AG','2012-06-10 16:18:34',1,24,0,'Стационарная урна находится не в помещении для голосования; щель не заклеена (нет ленты для заклейки). Увеличенная форма протокола там же.','','n',497,38,'a:0:{}','0',0,'2012-06-10 16:18:34','2012-06-10 16:18:34',0,'','',0,0,0,NULL),('violation_23864','AG','2012-06-10 16:18:34',1,24,0,'На участке 2 наблюдателя от кандидата Коропачинского, ведут себя недружелюбно.','','n',373,36,'a:0:{}','0',0,'2012-06-10 16:18:34','2012-06-10 16:18:34',0,'','',0,0,0,NULL),('violation_23865','AG','2012-06-10 16:18:34',1,24,0,'Не сброшюрованы и книги избирателей, скреплены просто на скоросшиватель.','','n',404,37,'a:0:{}','0',0,'2012-06-10 16:18:34','2012-06-10 16:18:34',0,'','',0,0,0,NULL),('violation_23866','AG','2012-06-10 16:18:34',1,24,0,'Члены избирательной комиссии пользовались карандашами для внесения информации в собственные журналы для записи.','','n',2314,37,'a:0:{}','0',0,'2012-06-10 16:18:34','2012-06-10 16:18:34',0,'','',0,0,0,NULL),('violation_23867','AG','2012-06-10 16:18:34',1,24,0,'Избиратель сообщает, что на каждых выборах в списке избирателей обнаруживает посторонних людей, вписанных по адресу его квартиры.','','n',280,34,'a:0:{}','0',0,'2012-06-10 16:18:34','2012-06-10 16:18:34',0,'','',0,0,0,NULL),('violation_23868','AG','2012-06-10 16:19:09',1,24,0,'На участок приходят люди без прописки в городе, получают бюллетени.','','n',205,33,'a:0:{}','0',0,'2012-06-10 16:19:09','2012-06-10 16:19:09',0,'','',0,0,0,NULL),('violation_23869','AG','2012-06-10 16:19:09',1,24,0,'Удаление ПСГ с участка за видеосъемку и за жалобу касательно неработающего КОИБа.','','n',327,35,'a:0:{}','0',0,'2012-06-10 16:19:09','2012-06-10 16:19:09',0,'','',0,0,0,NULL),('violation_23870','AG','2012-06-10 16:19:09',1,24,0,'Не подписаны книги избирателей и не поставлены печати комиссии. Подозрение на подвоз избирателей.','','n',179,32,'a:0:{}','0',0,'2012-06-10 16:19:09','2012-06-10 16:19:09',0,'','',0,0,0,NULL),('violation_23871','AG','2012-06-10 16:19:09',1,24,0,'Агитационный баннер Акбулатова расположен непосредственно у ИУ.','','n',357,36,'a:0:{}','0',0,'2012-06-10 16:19:09','2012-06-10 16:19:09',0,'','',0,0,0,NULL),('violation_23872','AG','2012-06-10 16:19:09',1,24,0,'На участке находятся социальные и медработники, которые ненавязчиво рекомендуют голосовать за кандидата Акбулатова, вступая в душеспасительные беседы со старушками на тему ЖКХ и нехватки корвалола.','','n',371,36,'a:0:{}','0',0,'2012-06-10 16:19:09','2012-06-10 16:19:09',0,'','',0,0,0,NULL),('violation_23873','AG','2012-06-10 16:19:09',1,24,0,'Не работает камера, направленная на КОИБ.','','n',253,34,'a:0:{}','0',0,'2012-06-10 16:19:09','2012-06-10 16:19:09',0,'','',0,0,0,NULL),('violation_23874','AG','2012-06-10 16:19:09',1,24,0,'Не работает камера, направленная на КОИБ.','','n',254,34,'a:0:{}','0',0,'2012-06-10 16:19:09','2012-06-10 16:19:09',0,'','',0,0,0,NULL),('violation_23875','AG','2012-06-10 16:19:09',1,24,0,'Не работают камеры на участке.','','n',255,34,'a:0:{}','0',0,'2012-06-10 16:19:09','2012-06-10 16:19:09',0,'','',0,0,0,NULL),('violation_23877','AG','2012-06-10 16:19:09',1,24,0,'Не опечатаны переносные урны для голосования, в помещении для голосоания находятся соц. и медработники, проводят измерение давления, общаются с избирателями.','','n',385,36,'a:0:{}','0',0,'2012-06-10 16:19:09','2012-06-10 16:19:09',0,'','',0,0,0,NULL),('violation_23878','AG','2012-06-10 16:19:09',1,24,0,'Комиссия установила урны на месте столов и наоборот, комиссия не попадает в поле зрения камер.','','n',375,36,'a:0:{}','0',0,'2012-06-10 16:19:09','2012-06-10 16:19:09',0,'','',0,0,0,NULL),('violation_23879','AG','2012-06-10 16:19:09',1,24,0,'Не опечатаны выносные урны. Вернувшиеся с голосования члены ИК опечатали урну на улице с имеющимися в ней бюллетенями. Наблюдатели из мобильной группы написали заявлений по факту нарушения закона. Урна признана недействительной целиком.','','n',389,36,'a:0:{}','0',0,'2012-06-10 16:19:09','2012-06-10 16:19:09',0,'','',0,0,0,NULL),('violation_23880','AG','2012-06-10 16:19:09',1,24,0,'На выездном голосовании в списки для надомного голосования после 14 часов вносили еще избирателей. Наблюдатели планируют аннулировать все бюллетени из переносных ящиков.','','n',266,34,'a:0:{}','0',0,'2012-06-10 16:19:09','2012-06-10 16:19:09',0,'','',0,0,0,NULL),('violation_23881','AG','2012-06-10 16:19:09',1,24,0,'На участке ограничивают право СМИ на видеосъемку, повесили табличку “снимать нельзя”.','','n',327,35,'a:0:{}','0',0,'2012-06-10 16:19:09','2012-06-10 16:19:09',0,'','',0,0,0,NULL),('violation_23882','AG','2012-06-10 16:19:09',1,24,0,'Нарушено Постановление ЦИК РФ № № 82/635-6 “О Порядке видеонаблюдения” – веб-камера №1 установлена таким образом, что в нее не просматривается полностью места для выдачи бюллетеней и работы си списками избирателей (нарушен п.2.3).','','n',397,37,'a:0:{}','0',0,'2012-06-10 16:19:09','2012-06-10 16:19:09',0,'','',0,0,0,NULL),('violation_23883','AG','2012-06-10 16:19:09',1,24,0,'В 18-30 председатель попросила расписаться за получение итогового протокола и выдала пустые протоколы с предложением заполнить их самим. Рекомендовано этого не делать.','','n',375,36,'a:0:{}','0',0,'2012-06-10 16:19:09','2012-06-10 16:19:09',0,'','',0,0,0,NULL);

/*Table structure for table `krasnoyarsk_violation_copy` */

DROP TABLE IF EXISTS `krasnoyarsk_violation_copy`;

CREATE TABLE `krasnoyarsk_violation_copy` (
  `ProjectId` varchar(50) NOT NULL COMMENT 'id в проекте наблюдателе',
  `ProjectCode` char(2) NOT NULL COMMENT 'код проекта наблюдателя',
  `ProjectUptime` datetime NOT NULL COMMENT 'время последнего обновления в проекте наблюдателе',
  `ProjectVersion` smallint(6) NOT NULL COMMENT 'версия записи',
  `RegionNum` int(11) NOT NULL COMMENT 'номер региона',
  `MergedTypeId` int(11) NOT NULL COMMENT 'тип нарушения',
  `Description` longtext NOT NULL COMMENT 'описание',
  `Place` varchar(100) DEFAULT NULL COMMENT 'место',
  `ComplaintStatus` char(1) DEFAULT NULL COMMENT 'n-нет данных;0-не подана, 1-подана, 2-отклонена, 3-есть реакция',
  `UIKNum` int(11) DEFAULT NULL,
  `TIKNum` int(11) DEFAULT NULL,
  `Media` longtext,
  `Obsrole` char(1) DEFAULT 'n' COMMENT 'n-нет данных;0-избиратель;1-ПРГ;2-ПСГ;3-Наблюдатель;4-Корр',
  `Impact` smallint(6) DEFAULT NULL COMMENT 'влияние на результат',
  `Obstime` datetime DEFAULT NULL COMMENT 'время нарушения',
  `Loadtime` datetime DEFAULT NULL COMMENT 'время загрузки в эту таблицу',
  `Recchanel` smallint(6) DEFAULT NULL COMMENT 'канал поступления',
  `Hqcomment` longtext COMMENT 'комментарий штаба',
  `Obsid` varchar(50) DEFAULT NULL COMMENT 'id наблюдателя (0 - не из системы)',
  `Obstrusted` smallint(6) DEFAULT NULL COMMENT 'уровень доверия',
  `PoliceReaction` smallint(4) DEFAULT NULL COMMENT '0-нет инфы, 1-был вызов, 2-прибыла',
  `Rectified` tinyint(1) DEFAULT NULL COMMENT 'удалось предотвратить',
  `Rectime` datetime DEFAULT NULL COMMENT 'время получения проектом наблюдателем',
  PRIMARY KEY (`ProjectId`,`ProjectCode`,`ProjectUptime`,`ProjectVersion`),
  KEY `RegionNum` (`RegionNum`),
  KEY `UIKNum` (`RegionNum`,`UIKNum`),
  KEY `TikNum` (`RegionNum`,`TIKNum`),
  KEY `Loadtime` (`Loadtime`),
  KEY `MergedTypeId` (`MergedTypeId`),
  KEY `uptime` (`ProjectUptime`)
) ENGINE=InnoDB DEFAULT CHARSET=utf8;

/*Data for the table `krasnoyarsk_violation_copy` */

insert  into `krasnoyarsk_violation_copy`(`ProjectId`,`ProjectCode`,`ProjectUptime`,`ProjectVersion`,`RegionNum`,`MergedTypeId`,`Description`,`Place`,`ComplaintStatus`,`UIKNum`,`TIKNum`,`Media`,`Obsrole`,`Impact`,`Obstime`,`Loadtime`,`Recchanel`,`Hqcomment`,`Obsid`,`Obstrusted`,`PoliceReaction`,`Rectified`,`Rectime`) values ('violation_23857','AG','2012-06-10 16:18:34',1,24,0,'7-30 Не допускают наблюдателя на участок под предлогом отсутствия направления (у наблюдателя есть заявление)','','n',227,33,'a:0:{}','0',0,'2012-06-10 16:18:34','2012-06-10 16:18:34',0,'','',0,0,0,NULL),('violation_23858','AG','2012-06-10 16:18:34',1,24,0,'В документе о назначении члена УИК с правом совещательного голоса требуют поменять заголовок на “направление”.','','n',318,35,'a:0:{}','0',0,'2012-06-10 16:18:34','2012-06-10 16:18:34',0,'','',0,0,0,NULL),('violation_23862','AG','2012-06-10 16:18:34',1,24,0,'На всех участках Кировского района находятся люди в статусе “наблюдателей от ассоциации юристов”. Председатели ТИК  и УИК сообщают, что пускать их – личное распоряжение председателя ГИК.','','n',0,0,'a:0:{}','0',0,'2012-06-10 16:18:34','2012-06-10 16:18:34',0,'','',0,0,0,NULL),('violation_23863','AG','2012-06-10 16:18:34',1,24,0,'Стационарная урна находится не в помещении для голосования; щель не заклеена (нет ленты для заклейки). Увеличенная форма протокола там же.','','n',497,38,'a:0:{}','0',0,'2012-06-10 16:18:34','2012-06-10 16:18:34',0,'','',0,0,0,NULL),('violation_23864','AG','2012-06-10 16:18:34',1,24,0,'На участке 2 наблюдателя от кандидата Коропачинского, ведут себя недружелюбно.','','n',373,36,'a:0:{}','0',0,'2012-06-10 16:18:34','2012-06-10 16:18:34',0,'','',0,0,0,NULL),('violation_23865','AG','2012-06-10 16:18:34',1,24,0,'Не сброшюрованы и книги избирателей, скреплены просто на скоросшиватель.','','n',404,37,'a:0:{}','0',0,'2012-06-10 16:18:34','2012-06-10 16:18:34',0,'','',0,0,0,NULL),('violation_23866','AG','2012-06-10 16:18:34',1,24,0,'Члены избирательной комиссии пользовались карандашами для внесения информации в собственные журналы для записи.','','n',2314,37,'a:0:{}','0',0,'2012-06-10 16:18:34','2012-06-10 16:18:34',0,'','',0,0,0,NULL),('violation_23867','AG','2012-06-10 16:18:34',1,24,0,'Избиратель сообщает, что на каждых выборах в списке избирателей обнаруживает посторонних людей, вписанных по адресу его квартиры.','','n',280,34,'a:0:{}','0',0,'2012-06-10 16:18:34','2012-06-10 16:18:34',0,'','',0,0,0,NULL),('violation_23868','AG','2012-06-10 16:19:09',1,24,0,'На участок приходят люди без прописки в городе, получают бюллетени.','','n',205,33,'a:0:{}','0',0,'2012-06-10 16:19:09','2012-06-10 16:19:09',0,'','',0,0,0,NULL),('violation_23869','AG','2012-06-10 16:19:09',1,24,0,'Удаление ПСГ с участка за видеосъемку и за жалобу касательно неработающего КОИБа.','','n',327,35,'a:0:{}','0',0,'2012-06-10 16:19:09','2012-06-10 16:19:09',0,'','',0,0,0,NULL),('violation_23870','AG','2012-06-10 16:19:09',1,24,0,'Не подписаны книги избирателей и не поставлены печати комиссии. Подозрение на подвоз избирателей.','','n',179,32,'a:0:{}','0',0,'2012-06-10 16:19:09','2012-06-10 16:19:09',0,'','',0,0,0,NULL),('violation_23871','AG','2012-06-10 16:19:09',1,24,0,'Агитационный баннер Акбулатова расположен непосредственно у ИУ.','','n',357,36,'a:0:{}','0',0,'2012-06-10 16:19:09','2012-06-10 16:19:09',0,'','',0,0,0,NULL),('violation_23872','AG','2012-06-10 16:19:09',1,24,0,'На участке находятся социальные и медработники, которые ненавязчиво рекомендуют голосовать за кандидата Акбулатова, вступая в душеспасительные беседы со старушками на тему ЖКХ и нехватки корвалола.','','n',371,36,'a:0:{}','0',0,'2012-06-10 16:19:09','2012-06-10 16:19:09',0,'','',0,0,0,NULL),('violation_23873','AG','2012-06-10 16:19:09',1,24,0,'Не работает камера, направленная на КОИБ.','','n',253,34,'a:0:{}','0',0,'2012-06-10 16:19:09','2012-06-10 16:19:09',0,'','',0,0,0,NULL),('violation_23874','AG','2012-06-10 16:19:09',1,24,0,'Не работает камера, направленная на КОИБ.','','n',254,34,'a:0:{}','0',0,'2012-06-10 16:19:09','2012-06-10 16:19:09',0,'','',0,0,0,NULL),('violation_23875','AG','2012-06-10 16:19:09',1,24,0,'Не работают камеры на участке.','','n',255,34,'a:0:{}','0',0,'2012-06-10 16:19:09','2012-06-10 16:19:09',0,'','',0,0,0,NULL),('violation_23877','AG','2012-06-10 16:19:09',1,24,0,'Не опечатаны переносные урны для голосования, в помещении для голосоания находятся соц. и медработники, проводят измерение давления, общаются с избирателями.','','n',385,36,'a:0:{}','0',0,'2012-06-10 16:19:09','2012-06-10 16:19:09',0,'','',0,0,0,NULL),('violation_23878','AG','2012-06-10 16:19:09',1,24,0,'Комиссия установила урны на месте столов и наоборот, комиссия не попадает в поле зрения камер.','','n',375,36,'a:0:{}','0',0,'2012-06-10 16:19:09','2012-06-10 16:19:09',0,'','',0,0,0,NULL),('violation_23879','AG','2012-06-10 16:19:09',1,24,0,'Не опечатаны выносные урны. Вернувшиеся с голосования члены ИК опечатали урну на улице с имеющимися в ней бюллетенями. Наблюдатели из мобильной группы написали заявлений по факту нарушения закона. Урна признана недействительной целиком.','','n',389,36,'a:0:{}','0',0,'2012-06-10 16:19:09','2012-06-10 16:19:09',0,'','',0,0,0,NULL),('violation_23880','AG','2012-06-10 16:19:09',1,24,0,'На выездном голосовании в списки для надомного голосования после 14 часов вносили еще избирателей. Наблюдатели планируют аннулировать все бюллетени из переносных ящиков.','','n',266,34,'a:0:{}','0',0,'2012-06-10 16:19:09','2012-06-10 16:19:09',0,'','',0,0,0,NULL),('violation_23881','AG','2012-06-10 16:19:09',1,24,0,'На участке ограничивают право СМИ на видеосъемку, повесили табличку “снимать нельзя”.','','n',327,35,'a:0:{}','0',0,'2012-06-10 16:19:09','2012-06-10 16:19:09',0,'','',0,0,0,NULL),('violation_23882','AG','2012-06-10 16:19:09',1,24,0,'Нарушено Постановление ЦИК РФ № № 82/635-6 “О Порядке видеонаблюдения” – веб-камера №1 установлена таким образом, что в нее не просматривается полностью места для выдачи бюллетеней и работы си списками избирателей (нарушен п.2.3).','','n',397,37,'a:0:{}','0',0,'2012-06-10 16:19:09','2012-06-10 16:19:09',0,'','',0,0,0,NULL),('violation_23883','AG','2012-06-10 16:19:09',1,24,0,'В 18-30 председатель попросила расписаться за получение итогового протокола и выдала пустые протоколы с предложением заполнить их самим. Рекомендовано этого не делать.','','n',375,36,'a:0:{}','0',0,'2012-06-10 16:19:09','2012-06-10 16:19:09',0,'','',0,0,0,NULL);

/*Table structure for table `krasnoyarsk_watch` */

DROP TABLE IF EXISTS `krasnoyarsk_watch`;

CREATE TABLE `krasnoyarsk_watch` (
  `uik` int(11) DEFAULT NULL,
  `WatchType` char(2) DEFAULT NULL,
  `code` int(4) DEFAULT '0'
) ENGINE=InnoDB DEFAULT CHARSET=utf8;

/*Data for the table `krasnoyarsk_watch` */

/*!40101 SET SQL_MODE=@OLD_SQL_MODE */;
/*!40014 SET FOREIGN_KEY_CHECKS=@OLD_FOREIGN_KEY_CHECKS */;
/*!40014 SET UNIQUE_CHECKS=@OLD_UNIQUE_CHECKS */;
/*!40111 SET SQL_NOTES=@OLD_SQL_NOTES */;
